pid,label
27085,0.002012
30747,0.001013
32932,0.004988
33635,0.032291
33955,0.087362
33978,0.001125
35307,0.007865
35623,0.009994
36023,0.001589
36331,0.000566
37217,0.00642
37479,8.6e-05
37832,0.009254
38303,0.001509
38546,0.001762
38682,0.004294
38683,0.001043
38713,0.020833
38754,0.004269
38755,0.00423
38767,0.001123
38781,0.013978
38791,0.000286
38828,0.000899
38829,0.000781
38904,0.028695
38914,0.003419
38945,0.005519
38948,0.000849
39002,0.003193
39010,0.120421
39011,0.041298
39014,0.000529
39015,0.003598
39038,0.005359
39085,0.001485
39106,0.011288
39110,0.008662
39113,0.041805
39116,0.0294
39147,0.172681
39148,0.010187
39158,0.030484
39205,0.001414
39234,0.000758
39268,0.000359
39272,0.048035
39275,0.003888
39283,0.021115
39296,0.001212
39306,0.000788
39316,0.003843
39327,0.000547
39341,0.007429
39345,0.001981
39346,0.000508
39363,0.000313
39364,0.005527
39366,0.003388
39412,0.000697
39435,0.001112
39475,0.008196
39476,0.002059
39479,0.01068
39482,0.00214
39483,0.003141
39511,0.005595
39513,0.017914
39644,0.001065
39649,0.033487
39651,0.013926
39674,0.022446
39685,0.015331
39718,0.013712
39730,0.017396
39731,0.002129
39734,0.001131
39769,0.022662
39770,0.01493
39778,0.001988
39779,0.015137
39780,0.00028
39798,0.08722
39819,0.001885
39898,0.001477
40004,0.004408
40009,0.00056
40044,0.003099
40055,0.000925
40082,0.00894
40083,0.005091
40100,0.007067
40101,0.000934
40103,0.00056
40142,0.016543
40147,0.003544
40148,0.000257
40150,0.001042
40153,0.035208
40154,0.003876
40178,0.002729
40190,0.019104
40193,0.001648
40194,0.010039
40195,0.048592
40204,0.004014
40221,0.006073
40253,0.001656
40317,0.005749
40350,0.002484
40407,0.079981
40467,0.000898
40472,0.007766
40473,0.002065
40476,0.001951
40490,0.000581
40497,0.008659
40579,0.005054
40580,0.001396
40583,0.067197
40601,0.001178
40634,0.044729
40697,0.000727
40718,0.003974
40722,0.005294
40731,0.051203
40736,0.000338
40776,0.001232
40809,0.000629
40843,0.074398
40845,0.033597
40856,0.0137
40857,0.019809
40869,0.00272
40947,0.002523
40953,0.002035
41007,0.025709
41088,0.098756
41105,4.9e-05
41148,0.001725
41156,0.00066
41174,0.002635
41223,0.003951
41238,0.000359
41246,0.012852
41254,0.007414
41257,0.017819
41264,0.006223
41310,0.105981
41473,0.012143
41474,0.015044
41476,0.03854
41498,0.005352
41514,0.004652
41520,0.002527
41522,0.002165
41524,0.032027
41532,0.00224
41548,0.005351
41558,0.002318
41570,0.004906
41582,0.001715
41634,0.000388
41636,0.004968
41645,0.002355
41663,0.005619
41697,0.008758
41728,0.001205
41742,0.001736
41781,0.000537
41829,0.032031
41854,0.012816
41924,0.000566
41936,0.007459
41943,0.130358
41974,0.01314
41975,0.011611
41998,0.008432
42008,0.015081
42030,0.002434
42031,0.001931
42053,0.011373
42066,0.00267
42124,0.000611
42128,0.001207
42129,0.005188
42142,0.00279
42146,0.00626
42179,0.00681
42192,0.001584
42231,0.000832
42289,0.004092
42314,0.008914
42323,0.000614
42359,0.007108
42360,0.000581
42362,0.166457
42369,0.019772
42378,0.001714
42403,0.004461
42413,0.003555
42424,0.000959
42437,0.004096
42438,0.014037
42443,0.001119
42446,0.063484
42448,0.00607
42499,0.001096
42509,0.011703
42556,0.007012
42613,0.005482
42631,0.003777
42660,0.004758
42665,0.007791
42670,0.00586
42696,0.004674
42721,0.001867
42735,0.001276
42747,0.015889
42749,0.002082
42750,0.001257
42759,0.029184
42793,0.007022
42798,0.003562
42799,0.21425
42806,0.002271
42812,0.003841
42837,0.000598
42876,0.029708
42953,0.007951
42955,0.031958
42956,0.000388
42957,0.002723
42968,0.021385
43014,0.001046
43052,0.001707
43061,0.005483
43065,0.012012
43103,0.001059
43109,0.003344
43122,0.000316
43138,0.069862
43146,0.004155
43149,0.000357
43151,0.000228
43153,0.00564
43158,0.011797
43188,0.002753
43199,0.001496
43201,0.007224
43213,0.000876
43240,0.001842
43248,0.002915
43276,0.019449
43284,0.002477
43315,0.003644
43384,0.003242
43388,0.00541
43396,0.011364
43413,0.003437
43463,0.00106
43501,0.273584
43539,0.02783
43556,0.007439
43559,0.001986
43562,0.004616
43563,0.004592
43569,0.00505
43570,0.000665
43571,0.000735
43575,0.00456
43580,0.005686
43587,0.000827
43593,0.007234
43602,0.01873
43605,0.010943
43612,0.007562
43622,0.002879
43629,0.000407
43652,0.000524
43661,0.022469
43664,0.003485
43715,0.015841
43736,0.015999
43746,0.01486
43771,0.071707
43774,0.011659
43818,0.001001
43822,0.011399
43837,0.007972
43851,0.001729
43871,0.005921
43872,0.024297
43874,0.026637
43986,0.000607
43991,0.002028
44022,0.010883
44024,0.017829
44032,0.002085
44033,0.010392
44043,0.002419
44059,0.00277
44156,0.001327
44195,0.000551
44197,0.000424
44198,0.000135
44202,0.002606
44203,0.000517
44211,0.011332
44212,0.006736
44214,0.004009
44215,6.7e-05
44216,0.045178
44217,0.010163
44218,0.0041
44219,0.006287
44222,0.009817
44288,0.003688
44294,0.002965
44306,0.008695
44310,0.001535
44311,0.066907
44312,0.00531
44314,0.000566
44324,0.074829
44325,0.003533
44326,0.001459
44327,0.005153
44330,0.005676
44332,0.001351
44335,0.00085
44338,0.021414
44344,0.000624
44345,0.000833
44346,0.000629
44347,0.000659
44348,0.002211
44350,0.005991
44412,0.049552
44417,0.016789
44418,0.01808
44419,0.009771
44420,0.04658
44421,0.000533
44423,0.00333
44510,0.005423
44511,0.003666
44513,0.005938
44517,0.00781
44541,0.137707
44542,0.024402
44545,0.090426
44546,0.009937
44613,0.004868
44624,0.021587
44628,0.005164
44658,0.001056
44685,0.000239
44693,0.032106
44694,0.001429
44696,0.006822
44701,0.02834
44703,0.015253
44704,0.00299
44705,0.000715
44706,0.00213
44708,0.00139
44709,0.005677
44710,0.028041
44711,0.01053
44716,0.021168
44717,0.004195
44719,0.015741
44721,0.009312
44722,0.262078
44724,0.007377
44747,0.000276
44748,0.000365
44749,0.049398
44751,0.001056
44754,0.004663
44755,0.003891
44756,0.002368
44757,0.009603
44784,0.002658
44786,0.003858
44791,0.029099
44792,0.001801
44793,0.017023
44794,0.001087
44796,0.066196
44797,0.002846
44798,0.227858
44799,0.440947
44819,0.000485
44827,0.00445
44828,0.000722
44845,0.036402
44846,0.010167
44848,0.002166
44849,0.002334
44859,0.164478
44861,0.043505
44862,0.02704
44864,0.011295
44865,0.453414
44878,0.075824
44913,0.005436
44920,0.000669
44922,0.002695
44937,0.016967
44940,0.003746
44941,0.001262
44943,0.012164
44944,0.000615
44947,0.000836
44948,0.001063
44957,0.001344
45017,0.001997
45021,0.002437
45028,0.044929
45032,0.00285
45034,0.001732
45062,0.000283
45063,0.021908
45066,0.001934
45067,0.007021
45068,0.009981
45080,0.012052
45081,0.014439
45082,0.003725
45084,0.003329
45086,0.006794
45089,0.019548
45090,0.019352
45105,0.004248
45146,0.002834
45147,0.001692
45181,0.005301
45184,0.000756
45187,0.5342
45190,0.961827
45227,0.000508
45232,0.001028
45240,0.003826
45251,0.000235
45252,0.146322
45253,0.006086
45254,0.002186
45256,0.001248
45262,0.019373
45264,0.038488
45266,0.003299
45267,0.00119
45268,0.007268
45272,0.005306
45279,0.000459
45286,0.008141
45289,0.001101
45304,0.007475
45305,0.002467
45309,0.010191
45310,0.011208
45311,0.002096
45312,0.006992
45314,0.019803
45343,0.005049
45345,0.000459
45347,0.001409
45352,0.05805
45354,0.001315
45359,0.000288
45361,0.000869
45389,0.001512
45394,0.369791
45452,0.002381
45455,0.011743
45459,0.001212
45461,0.005316
45463,0.000774
45472,0.008914
45475,0.003852
45476,0.00098
45477,0.001081
45478,0.000315
45479,0.003025
45480,0.001369
45481,0.001515
45482,0.001017
45492,0.001264
45520,0.001605
45524,0.000858
45526,0.001005
45528,0.00181
45530,0.000614
45531,0.00223
45532,0.000711
45533,0.007461
45534,0.001458
45535,0.016062
45538,0.000185
45539,0.001089
45542,0.01092
45562,0.001049
45566,0.002244
45568,0.004833
45571,0.000631
45572,0.18401
45589,0.003665
45619,0.006038
45620,0.014863
45629,0.018094
45642,0.003105
45644,0.000139
45645,0.005994
45646,0.00082
45647,0.013279
45648,0.001542
45692,0.002151
45693,0.45408
45695,0.008053
45696,0.000765
45699,0.007592
45700,0.001654
45705,0.006331
45731,0.107974
45734,0.033298
45736,0.021042
45744,0.001771
45745,0.014998
45746,0.00124
45811,0.001221
45814,0.001196
45815,0.002364
45817,0.001364
45818,0.001482
45823,0.002625
45825,0.013242
45828,0.000748
45830,0.002494
45833,0.01649
45834,0.001323
45835,0.001219
45838,0.00263
45840,0.001742
45841,0.000981
45843,0.000825
45850,0.000339
45853,0.001298
45854,0.00267
45864,0.004734
45896,0.008477
45906,0.001749
45908,0.000606
45909,0.008395
45911,0.076689
45912,0.003126
45914,0.018684
45915,0.009753
45916,0.001611
45925,0.003147
45926,0.01003
45930,0.006565
45934,0.002897
45936,0.001388
45937,0.000631
45951,0.004345
45994,0.003024
46004,0.034543
46006,0.000914
46010,0.00413
46023,0.004543
46050,0.01103
46052,0.002608
46055,0.004264
46089,0.109772
46092,0.006486
46101,0.006675
46136,0.000816
46138,0.008479
46142,0.005774
46146,0.00224
46150,0.191779
46151,0.003484
46153,0.013775
46154,0.002867
46155,0.0026
46158,0.028794
46159,0.001244
46161,0.002974
46163,0.002392
46166,0.001205
46168,0.004677
46170,0.002576
46172,0.005336
46178,0.000899
46179,0.01083
46261,0.030674
46263,0.001108
46265,0.0019
46267,0.00685
46268,0.01223
46269,0.001115
46270,0.06706
46272,0.088399
46273,0.000916
46276,0.029629
46289,0.002438
46292,0.011107
46294,0.009761
46309,0.04228
46316,0.02185
46348,0.007227
46349,0.003464
46351,0.000112
46352,0.017262
46354,0.012738
46356,0.041382
46357,0.005779
46358,0.014941
46362,0.033133
46366,0.000788
46374,0.001664
46376,0.003122
46382,0.002378
46400,0.043602
46403,0.000526
46423,0.066092
46427,0.072975
46431,0.013848
46500,0.000374
46503,0.001987
46504,0.095983
46507,0.000817
46509,0.030575
46552,0.003477
46558,0.003477
46564,0.000237
46567,0.046832
46568,0.003571
46569,0.003433
46572,0.00083
46573,0.00077
46574,0.006901
46582,0.002233
46583,0.002632
46593,0.077305
46595,0.280015
46596,0.001559
46598,0.009844
46599,0.023206
46600,0.093394
46645,0.000982
46648,0.004249
46651,0.007047
46652,0.007375
46654,0.003124
46655,0.004689
46713,0.000632
46714,0.010865
46718,0.023921
46727,0.01277
46769,0.004627
46770,0.0024
46772,0.000596
46787,0.112583
46789,0.000119
46793,0.001116
46810,0.001414
46814,0.001289
46815,0.00108
46816,0.002555
46832,0.0185
46843,0.002523
46844,0.010303
46888,0.000326
46912,0.009493
46913,0.000771
46914,0.003802
46916,0.018458
46918,0.001271
46922,0.003309
46923,0.007318
46973,0.000542
46975,0.003969
46982,0.021133
46985,0.023291
46987,0.007665
46995,0.005098
46998,0.004033
47006,0.005083
47010,0.003451
47011,0.005354
47012,0.330983
47013,0.003888
47026,0.000549
47052,0.090485
47057,0.01543
47058,0.251751
47060,0.005417
47061,0.000913
47099,0.012482
47100,0.122622
47101,0.000529
47102,0.003675
47104,0.13025
47106,0.100654
47176,0.002455
47187,0.005263
47188,0.000759
47189,0.00043
47191,0.016942
47192,0.064601
47194,0.202169
47195,0.00456
47196,0.046266
47198,0.001212
47201,0.003433
47202,0.001068
47204,0.055011
47205,0.000382
47207,0.001503
47210,0.001989
47212,0.002029
47219,0.004474
47220,0.005672
47223,0.00101
47224,0.003065
47228,0.001863
47235,0.00899
47236,0.000399
47237,0.073654
47238,0.000206
47239,0.02722
47242,0.00218
47294,0.016463
47299,0.011237
47324,0.000225
47326,0.02387
47329,0.093022
47330,0.008623
47331,0.001731
47357,0.443338
47402,0.001151
47404,0.000302
47405,0.010335
47407,0.012583
47408,0.002386
47421,0.025268
47422,0.018558
47423,0.001039
47424,0.001691
47425,0.002756
47427,0.001257
47428,0.002513
47430,0.170428
47484,0.002132
47485,0.004035
47491,0.004791
47494,0.00341
47506,0.545431
47507,0.026906
47508,0.004273
47510,0.193566
47514,0.002237
47515,0.012867
47549,0.007015
47550,0.001637
47555,0.00173
47558,0.000458
47566,0.017859
47568,0.000239
47578,0.004768
47580,0.064
47581,0.038029
47585,0.000775
47590,0.002234
47592,0.000424
47593,0.000247
47600,0.000916
47601,0.007809
47609,0.002378
47637,0.0172
47639,0.285863
47640,0.016288
47641,0.106171
47670,0.000135
47671,0.01519
47672,0.146319
47674,0.07847
47675,0.001726
47676,0.008049
47678,0.000939
47679,0.001052
47689,0.02106
47690,0.000398
47751,0.000932
47768,0.000291
47769,0.000392
47771,0.004163
47772,0.00153
47773,0.006363
47774,0.044201
47778,0.000619
47780,0.000352
47781,0.002768
47782,0.010168
47827,0.002674
47843,0.00026
47889,0.008804
47891,0.00441
47892,0.018113
47898,0.025208
47899,0.00562
47901,0.001088
47902,0.090101
47904,0.008255
47905,0.002744
47909,0.112779
47911,0.001094
47913,0.000397
47914,0.005359
47918,0.171995
47970,7.9e-05
47972,0.005191
47974,0.003185
47976,0.001145
47979,0.001
47980,0.014991
47984,0.006308
47996,0.321872
47997,0.163143
47998,0.146312
47999,0.026807
48002,0.002971
48003,0.000736
48004,0.015291
48032,0.009449
48036,0.000371
48044,0.007757
48051,0.002057
48071,0.010988
48075,0.016193
48080,0.018302
48083,0.013526
48087,0.010061
48088,0.002587
48091,0.003743
48097,0.03211
48098,0.005111
48099,0.002147
48114,0.001541
48120,0.026654
48123,0.086234
48125,0.004014
48145,0.019424
48147,0.004895
48150,0.000854
48153,0.000223
48159,0.003047
48164,0.003059
48168,0.002926
48170,0.020389
48171,0.019277
48176,0.001925
48177,0.171886
48178,0.000474
48179,0.001593
48182,0.010746
48183,0.043127
48184,0.073084
48186,0.012743
48187,0.03404
48212,0.046191
48215,0.461573
48217,0.010227
48218,0.06083
48219,0.271297
48260,0.006499
48263,0.00234
48280,0.000546
48285,0.00755
48287,0.002697
48289,0.001598
48295,0.018812
48297,0.00077
48298,0.003457
48318,0.024733
48363,0.00265
48368,0.27533
48369,0.000245
48372,0.043908
48376,0.00315
48377,0.005071
48379,0.002785
48402,0.001289
48427,0.05098
48432,0.03815
48433,0.290816
48434,0.010826
48446,0.001449
48454,0.008549
48475,0.003215
48486,0.005193
48489,0.047586
48492,0.006702
48494,0.003809
48495,0.001873
48510,0.007886
48515,0.097162
48517,0.008171
48524,0.08532
48538,0.001649
48571,0.0004
48575,0.001787
48576,0.002938
48580,0.001713
48588,0.001036
48597,0.000801
48612,0.002033
48616,0.00034
48618,0.017062
48619,0.001726
48621,0.000963
48658,0.000981
48685,0.003923
48728,0.259807
48732,0.089104
48738,0.001186
48741,0.052539
48742,0.000725
48743,0.02622
48748,0.005369
48762,0.00097
48763,0.143158
48778,0.013691
48780,0.000269
48787,0.012998
48809,0.003755
48812,0.010704
48815,0.00203
48816,0.018246
48817,0.022517
48819,0.193143
48821,0.058552
48824,0.01948
48832,0.000947
48838,0.029558
48839,0.003554
48845,0.003139
48846,0.001065
48904,0.014998
48911,0.000812
48912,0.001432
48914,0.002642
48917,0.028094
48918,0.002434
48923,0.170642
48924,0.01172
48926,0.00704
48927,0.040151
48929,0.00685
48952,0.003127
48953,0.00973
48954,0.012256
48955,0.029915
48956,0.005609
48957,0.005675
48958,0.000934
48967,0.001761
49007,0.001926
49010,0.010717
49012,0.007129
49014,0.004445
49015,0.002762
49016,0.00023
49019,0.060087
49024,0.002181
49025,0.001217
49028,0.004236
49036,0.001615
49037,0.0011
49039,0.004613
49040,0.008157
49044,0.00053
49147,0.000413
49178,0.007568
49180,0.00132
49181,0.051262
49182,0.018249
49183,0.000145
49184,0.008967
49186,0.05189
49188,0.003967
49192,0.005454
49193,0.001196
49194,0.006186
49216,0.0647
49218,0.000459
49236,0.003616
49244,8.3e-05
49245,0.014163
49246,0.008001
49250,0.001462
49262,0.003987
49265,0.002033
49267,0.002976
49268,0.015061
49270,0.003664
49271,0.001621
49273,0.00731
49276,0.001847
49277,0.002864
49278,0.000365
49279,0.035344
49281,0.054919
49287,0.00108
49373,0.040763
49374,0.002794
49375,0.002625
49376,0.001679
49378,0.002327
49379,0.115541
49380,0.003568
49404,0.010607
49405,0.001945
49446,0.000482
49449,0.002906
49450,0.002428
49451,0.00307
49452,0.007029
49454,0.004258
49455,0.001538
49466,0.000517
49469,0.00905
49472,0.000207
49473,0.00055
49474,0.000441
49475,0.0006
49476,0.002488
49477,0.001854
49478,0.012803
49480,0.02591
49481,0.004944
49482,0.030477
49484,0.00627
49485,0.001601
49511,0.00052
49529,0.0215
49540,0.017325
49544,0.031577
49545,0.016872
49546,0.002811
49547,0.002179
49548,0.001873
49558,0.017527
49587,0.00083
49588,0.001128
49591,0.241368
49641,0.003716
49644,0.001156
49654,0.003666
49670,0.002564
49674,0.000726
49675,0.000172
49676,0.002676
49679,0.000961
49686,0.030282
50171,0.009446
50172,0.002641
50173,0.017104
50178,0.002546
50179,0.002494
50182,0.006912
50187,0.01569
50189,0.005698
50190,0.000863
50191,0.001813
50192,0.010585
50194,0.00203
50195,0.001264
50199,0.002761
50200,0.002666
50201,0.009269
50205,0.001588
50206,0.005359
50207,0.004367
50208,0.001118
50211,0.006237
50212,0.002652
50217,0.000289
50219,0.000462
50220,0.000921
50224,0.002665
50225,0.091229
50226,0.002464
50227,0.02396
50228,0.001959
50229,0.004433
50230,0.004689
50231,0.020793
50232,0.000808
50233,0.000384
50234,0.073607
50235,0.000816
50237,0.036563
50239,0.010146
50242,0.004623
50244,0.003
50245,0.002393
50247,0.000347
50248,0.006097
50249,0.002255
50250,0.005092
50252,0.000521
50253,0.247529
50254,0.008204
50256,0.002443
50258,0.006455
50259,0.014764
50264,0.008679
50266,0.003687
50267,0.002132
50270,0.005118
50274,0.001393
50276,0.037996
50277,0.007224
50286,0.000216
50288,0.000951
50290,0.014319
50296,0.007805
50298,0.000395
50300,0.001124
50303,0.009261
50307,0.000449
50312,0.001233
50313,0.000563
50314,0.00684
50316,0.000837
50318,0.000344
50319,0.000483
50320,0.000926
50324,0.002518
50325,0.001735
50326,0.001724
50327,0.004837
50334,0.000401
50339,0.005356
50342,0.000322
50343,0.159871
50344,0.035836
50351,0.00183
50352,0.02117
50353,0.002892
50355,0.033338
50358,0.111396
50363,0.000502
50366,0.205853
50367,0.000483
50368,0.000727
50369,0.039279
50371,0.000852
50372,0.000662
50373,0.031112
50374,0.069674
50375,0.00521
50377,0.072025
50379,0.226232
50382,0.003647
50388,0.013904
50390,0.01407
50396,0.132131
50399,0.005786
50400,0.002479
50402,0.002664
50409,0.047441
50412,0.00241
50413,0.010841
50414,0.000464
50416,0.013754
50417,0.005291
50422,0.012
50423,0.007811
50425,0.00233
50426,0.018195
50427,0.003937
50428,0.00112
50430,0.001685
50433,0.001677
50434,0.001581
50436,0.001375
50437,0.001078
50440,0.005005
50442,0.003053
50445,0.011977
50446,0.00182
50447,0.003637
50448,0.005754
50450,0.012603
50451,0.01673
50452,0.004536
50453,0.004728
50454,0.086215
50455,0.09423
50457,0.000785
50459,0.445799
50462,0.006311
50465,0.017364
50466,0.004253
50468,0.03008
50470,0.058895
50472,0.036521
50473,0.007384
50474,0.014748
50475,0.018421
50476,0.015683
50479,0.001495
50481,0.004059
50483,0.001556
50484,0.162527
50485,0.006042
50487,0.000516
50489,0.002335
50491,0.00268
50494,0.002478
50495,0.009606
50497,0.001796
50498,0.155224
50500,0.002191
50501,0.00149
50505,0.001098
50507,0.001
50509,0.000755
50510,0.003213
50511,0.057501
50512,0.029637
50513,0.000708
50515,0.01494
50518,0.000636
50520,0.082599
50521,0.007671
50522,0.004043
50526,0.002666
50529,0.00185
50530,0.018171
50534,0.001784
50538,0.020094
50540,0.003432
50542,0.000664
50543,0.003796
50550,0.00142
50551,0.000328
50552,0.002646
50553,0.006442
50557,0.223235
50560,0.010174
50566,0.057815
50567,0.008577
50569,0.003814
50571,0.012573
50572,0.025464
50573,9.3e-05
50575,0.000931
50576,0.000885
50577,0.014359
50580,0.001607
50581,0.005191
50584,0.016206
50585,0.002151
50586,0.028013
50587,0.000732
50588,0.019893
50589,0.034966
50590,0.016702
50592,0.009546
50593,0.017019
50594,0.011291
50595,0.001449
50596,0.09633
50597,0.035079
50598,0.000584
50600,0.000546
50605,0.588013
50609,0.037952
50611,0.005291
50613,0.000432
50614,0.005805
50616,0.019461
50617,0.007995
50618,0.000525
50619,0.007475
50621,0.00125
50623,0.000363
50624,0.001113
50626,0.000801
50630,0.002144
50631,0.011669
50632,0.000451
50633,0.001837
50639,0.01663
50642,0.000424
50646,0.00264
50648,0.005683
50655,0.000915
50656,0.001542
50657,0.007363
50660,0.000654
50661,0.001162
50663,0.043794
50664,0.000585
50666,0.001102
50671,0.000264
50673,0.000877
50677,0.007074
50679,0.002229
50680,0.001299
50682,0.025545
50683,0.017519
50684,0.00184
50685,0.245294
50686,0.014952
50688,0.004513
50689,0.123173
50692,0.001553
50697,0.000168
50698,0.001467
50699,0.000437
50700,0.002636
50702,0.004039
50704,0.405448
50705,0.011709
50709,0.002966
50718,0.023152
50719,0.04479
50722,0.001236
50723,0.01381
50724,5.7e-05
50727,9e-06
50728,0.000539
50729,0.053352
50733,0.002939
50741,0.001437
50748,0.004062
50749,0.024382
50753,0.002747
50754,0.024956
50763,0.000277
50765,0.045056
50768,0.011851
50770,0.002984
50773,0.001597
50779,0.002415
50780,0.000519
50781,0.00067
50782,0.026237
50783,0.000366
50784,0.000538
50786,0.00048
50788,0.000735
50794,0.194695
50795,0.008619
50796,0.005719
50797,0.024436
50798,0.051476
50799,0.000905
50801,0.02161
50803,0.00061
50804,0.000729
50808,0.00212
50812,0.000334
50813,0.005489
50815,0.000617
50816,0.001499
50817,0.000777
50818,0.660272
50821,0.003126
50823,0.001307
50825,0.001439
50827,0.003955
50829,0.001128
50830,0.009131
50831,0.006463
50833,0.003108
50834,0.005479
50836,0.003243
50838,0.000197
50839,0.001155
50843,0.018069
50851,0.016395
50852,0.001057
50855,0.005303
50856,0.006413
50858,0.001544
50860,0.024066
50866,0.001873
50869,0.080667
50870,0.047911
50871,0.00265
50873,0.25443
50875,0.002532
50878,0.001721
50879,0.006065
50880,0.003771
50885,0.001732
50886,0.084532
50888,0.000555
50890,0.000752
50891,0.000759
50892,0.003619
50893,0.003045
50896,0.000917
50897,0.006049
50899,0.003062
50900,0.000448
50901,0.001252
50902,0.004346
50904,0.003848
50905,0.002057
50906,0.0039
50907,0.004903
50908,0.021545
50909,0.003121
50911,0.001714
50913,0.041084
50917,0.002018
50918,0.083607
50923,0.000541
50924,0.090328
50925,0.026233
50927,0.013171
50928,0.001298
50933,0.203364
50934,0.020911
50935,0.004873
50937,0.15472
50938,0.009342
50939,0.002881
50940,0.00587
50941,0.00108
50942,0.005803
50943,0.001788
50944,0.004583
50945,0.001762
50946,0.013849
50947,0.000366
50948,0.108887
50951,0.000482
50956,0.000912
50957,0.021177
50960,0.002596
50966,0.001402
50970,0.016969
50980,0.00087
50986,0.001274
50987,0.006848
50988,0.001659
50989,0.012618
50990,0.000429
50991,0.002731
50992,0.000714
50993,0.000275
50994,0.00367
51000,0.000837
51001,0.015535
51002,0.008592
51003,0.001852
51012,0.005873
51013,0.000999
51020,0.003492
51021,0.003222
51022,0.012971
51023,0.003904
51024,0.001367
51025,0.00225
51031,0.000806
51033,0.004938
51035,0.002736
51036,0.001675
51039,0.017595
51040,0.003741
51041,0.004033
51042,0.038903
51043,0.002527
51044,0.004708
51047,0.003933
51048,0.001775
51050,0.37287
51051,0.001049
51053,0.002025
51054,0.164651
51056,0.004821
51058,0.000805
51061,0.005751
51063,0.00239
51065,0.001018
51067,0.013447
51069,0.134701
51070,0.002125
51072,0.007866
51075,0.055293
51076,0.025181
51078,0.011483
51081,0.003649
51091,0.001123
51093,0.05922
51094,0.001816
51096,0.043551
51100,0.002809
51102,0.002465
51103,0.00265
51105,0.000696
51106,0.004198
51107,0.01961
51111,0.008452
51114,0.037889
51115,0.047134
51116,0.00357
51118,0.006308
51123,0.004964
51125,0.011125
51127,0.000694
51132,0.001035
51135,0.00104
51138,0.000315
51144,0.007352
51149,0.005689
51152,0.000802
51153,0.002677
51154,0.148713
51155,0.016889
51157,0.000238
51158,0.002422
51161,0.002295
51165,0.010395
51170,0.060683
51171,0.002072
51179,0.007044
51180,0.030766
51181,0.009843
51183,0.001511
51187,0.085338
51190,0.005904
51192,0.000239
51193,0.057486
51198,0.002188
51201,0.001902
51202,0.000918
51205,0.001069
51211,0.00173
51212,0.00913
51217,0.00433
51219,0.002266
51220,0.033886
51221,0.000812
51225,0.003431
51227,0.00022
51230,0.030944
51231,0.040218
51234,0.024371
51237,0.182021
51238,0.000608
51239,0.015691
51240,0.021968
51241,0.0024
51242,0.000434
51244,0.003473
51247,0.001374
51248,0.000962
51253,0.001855
51254,0.004983
51255,0.000752
51256,0.000205
51262,0.006379
51265,0.002003
51272,0.035143
51273,0.00052
51275,0.002171
51278,0.001093
51279,0.001483
51282,0.00422
51285,0.004687
51288,0.000879
51291,0.004641
51293,0.004863
51296,0.026229
51298,0.085222
51301,0.171798
51302,0.00435
51303,0.000888
51304,0.000461
51306,0.002477
51307,0.001242
51314,0.006311
51315,0.000355
51317,0.007964
51319,0.000661
51320,0.018165
51323,0.001712
51327,0.004518
51329,0.000799
51331,0.000373
51333,0.001401
51336,0.002498
51342,0.006313
51344,0.002435
51348,0.189297
51350,0.208495
51352,0.014402
51354,0.002539
51355,0.100503
51356,0.209761
51357,0.005001
51360,0.01091
51361,0.008643
51362,0.077918
51363,0.231404
51364,0.004773
51366,0.01401
51367,0.382792
51372,0.001893
51373,0.135725
51378,0.014589
51379,0.004853
51380,0.000988
51383,0.003572
51385,0.000725
51387,0.029844
51389,0.012733
51390,0.068854
51391,0.011789
51394,0.005848
51400,0.042497
51402,0.000567
51405,0.001908
51411,0.004764
51413,0.000494
51415,0.09305
51416,0.001442
51425,0.006618
51427,0.00038
51430,0.002861
51433,0.006413
51434,0.00256
51437,0.000185
51438,0.013464
51440,0.00275
51443,0.001429
51446,0.047088
51448,0.001065
51449,0.008912
51450,0.001052
51451,0.4621
51453,0.002047
51457,0.000412
51459,0.003073
51460,0.004224
51461,0.005937
51462,0.39931
51463,0.001308
51465,0.000547
51466,0.014183
51474,0.006989
51475,0.004037
51477,0.001603
51478,0.003588
51481,0.009127
51482,0.005152
51483,0.001731
51484,0.071428
51487,0.001136
51488,0.000105
51493,0.002393
51496,0.13585
51497,0.009749
51500,0.004737
51503,0.009579
51504,0.00563
51506,0.040813
51508,0.000537
51519,0.0047
51522,0.00154
51524,0.000795
51529,0.002368
51532,0.047625
51533,0.000715
51534,0.006229
51537,0.005278
51540,0.001418
51543,0.000317
51545,0.000578
51547,0.000962
51548,0.028191
51549,0.000534
51550,0.019104
51556,0.001423
51562,0.000653
51573,0.008464
51591,0.015444
51592,0.096465
51593,0.159428
51594,0.001113
51595,0.448462
51618,0.010309
51619,0.006148
51620,0.012471
51621,0.000778
51625,0.003056
51626,0.002037
51627,0.003863
51630,0.001303
51635,0.275992
51639,0.034434
51655,0.002276
51671,0.000733
51672,0.02918
51673,0.022871
51674,0.008278
51679,0.001259
51682,0.00242
51685,0.002965
51686,0.000792
51687,0.007443
51703,0.046493
51708,0.140942
51728,0.359635
51733,0.207537
51734,0.001229
51738,0.003012
51748,0.002926
51753,0.712759
51755,0.006703
51761,0.004966
51766,0.436734
51777,0.002206
51783,0.0022
51784,0.000484
51786,0.007482
51787,0.038788
51792,0.005841
51800,0.000989
51802,0.010718
51809,0.00275
51811,0.001123
51818,0.000453
51819,0.001617
51830,0.000868
51835,0.008367
51843,0.001403
51844,0.001667
51845,0.023088
51846,0.001573
51855,0.011897
51858,0.002194
51861,0.000425
51863,0.002245
51866,0.000582
51867,0.014016
51868,0.085226
51869,0.002859
51876,0.004996
51881,0.004234
51883,0.005996
51885,0.000654
51888,0.003272
51889,0.153375
51891,0.002921
51892,0.001922
51894,0.00201
51895,0.007061
51896,0.003314
51899,0.01031
51925,0.007836
51929,0.009229
51930,0.002457
51931,0.039825
51932,0.00545
51933,0.226462
51934,0.00061
51938,0.002744
51950,0.005285
51953,0.005207
51954,0.005316
51956,0.053836
51959,0.000162
51990,0.228959
51991,0.029483
51999,0.012409
52003,0.000687
52006,0.000167
52013,0.002132
52022,0.001679
52023,0.016828
52025,0.004612
52027,0.002086
52028,0.002682
52030,0.063659
52036,0.007266
52038,0.000224
52058,0.005139
52059,0.001466
52063,0.356069
52082,0.024526
52084,0.243433
52087,0.003061
52088,0.010041
52089,0.002814
52090,0.004129
52091,0.002714
52092,0.009858
52096,0.000302
52099,0.000912
52110,0.068925
52115,0.00065
52116,0.001674
52117,0.025575
52120,0.00022
52141,0.02117
52145,0.023948
52146,0.004627
52147,0.022309
52149,0.000395
52160,0.009353
52167,0.001049
52170,0.002683
52175,0.011333
52185,0.000916
52188,0.050118
52195,0.017142
52202,0.00409
52208,0.000817
52209,0.002498
52213,0.000926
52215,0.000979
52216,0.000931
52218,0.001546
52220,0.007513
52221,0.001055
52230,0.000907
52239,0.00022
52240,0.006869
52242,0.000851
52247,0.002522
52248,0.007311
52252,0.005462
52255,0.013234
52257,0.001484
52258,0.039183
52259,0.001258
52260,0.001325
52261,0.014298
52262,0.000686
52265,0.001082
52266,0.007599
52268,0.007853
52269,0.001513
52273,0.000993
52275,0.002268
52276,0.020592
52279,0.007299
52280,0.001756
52281,0.015344
52282,0.237016
52286,0.358544
52288,0.009453
52289,0.002742
52290,0.008176
52293,0.0002
52294,0.031589
52298,0.000177
52301,0.002284
52307,0.004133
52308,0.00106
52312,0.001659
52315,0.002704
52318,0.011069
52319,0.002811
52321,0.001238
52325,0.012452
52328,0.014714
52330,0.005989
52333,0.005758
52335,0.005417
52336,0.000426
52341,0.004135
52343,0.010492
52344,0.000617
52346,0.003289
52348,0.00041
52351,0.002904
52353,0.001645
52356,0.021193
52357,0.02093
52359,0.011042
52371,0.005626
52374,0.016498
52376,0.079311
52382,0.006091
52384,0.000852
52386,0.000498
52389,0.014822
52391,0.000124
52394,0.004049
52406,0.000179
52407,3.7e-05
52412,0.000764
52423,0.000455
52436,0.000868
52444,0.042514
52458,0.000827
52461,0.000408
52462,0.000684
65428,0.010145
65429,0.010456
65430,0.005154
65431,0.001046
65432,0.001132
65433,0.001422
65434,0.008394
65435,0.002055
65436,0.028448
65437,0.002044
65438,0.020882
65439,0.001935
65440,0.002907
65441,0.002161
65442,0.029865
65444,0.003672
65445,0.132183
65446,0.002119
65448,0.006091
65449,0.003356
65450,0.053671
65451,0.034195
65453,0.002353
65454,0.019305
65455,0.017893
65456,0.043302
65457,0.036768
65459,0.051807
65460,0.005493
65461,0.004857
65462,0.003885
65463,0.001946
65464,0.001376
65465,0.001024
65466,0.008031
65468,0.001146
65471,0.000599
65472,0.000495
65474,0.010251
65475,0.001674
65476,0.008087
65478,0.000248
65479,0.333721
65480,0.004461
65481,0.046186
65483,0.009878
65484,0.847672
65486,0.00298
65487,0.028023
65488,0.004181
65492,0.339965
65493,0.100411
65494,0.015569
65496,0.006904
65497,0.234202
65500,0.037279
65501,0.153862
65502,0.002089
65504,0.004596
65505,0.000999
65506,0.018037
65507,0.011405
65508,0.000721
65509,0.003054
65510,0.005253
65511,0.002007
65512,0.004775
65513,0.001003
65514,0.005172
65517,0.009552
65518,0.002711
65519,0.094696
65520,0.007607
65521,0.001986
65525,0.002597
65527,0.003357
65528,0.002235
65529,0.01917
65530,0.086544
65531,0.711877
65532,0.000501
65533,0.001439
65534,0.014548
65535,0.003512
65536,0.009481
65537,0.001006
65538,0.000893
65539,0.00185
65540,0.00228
65541,0.008768
65542,0.000888
65543,0.013685
65544,0.005664
65546,0.002383
65547,0.055102
65551,0.001713
65552,0.001585
65553,0.002866
65556,0.001523
65557,0.007748
65558,0.00235
65559,0.001388
65560,0.008114
65562,0.001574
65563,0.445679
65564,0.002291
65565,0.070995
65567,0.006269
65568,0.00245
65570,0.05476
65571,0.007664
65573,0.000365
65576,0.000558
65577,0.004878
65578,0.297222
65579,0.632822
65580,0.687505
65581,0.013588
65582,0.004019
65583,0.143757
65584,0.025137
65586,0.015529
65587,0.013142
65588,0.000697
65589,0.172855
65590,0.006765
65591,0.000745
65592,2.1e-05
65593,0.002502
65594,0.068613
65595,0.001456
65596,0.30185
65597,0.000421
65599,0.000416
65600,0.010052
65601,0.012147
65602,0.010507
65603,0.019332
65604,4.6e-05
65605,0.006933
65606,0.000964
65607,0.000895
65608,0.007949
65609,0.001193
65610,0.032295
65612,0.000971
65613,0.001943
65614,0.00049
65615,0.001068
65618,0.000854
65621,0.000165
65622,0.000858
65623,0.001868
65625,0.001357
65626,0.003036
65628,0.028577
65629,0.001786
65632,0.009067
65633,0.143645
65634,0.001497
65635,0.002941
65636,0.016285
65637,0.002834
65638,0.00258
65640,0.040402
65642,0.000796
65645,0.004288
65646,0.007583
65649,0.007503
65650,0.004684
65652,0.002482
65653,0.029153
65654,0.01422
65655,0.08025
65656,0.010819
65657,0.005416
65658,0.102994
65659,0.007973
65662,0.043722
65663,0.796118
65664,0.001372
65665,0.00125
65667,0.013296
65668,0.072639
65669,0.017717
65670,0.00249
65671,0.000685
65672,0.001914
65674,0.240977
65675,0.180719
65677,0.001343
65679,0.025203
65681,0.000764
65682,0.002621
65683,0.002855
65685,0.00078
65687,0.007721
65691,0.000109
65692,0.339699
65693,0.003593
65694,0.001224
65695,0.002391
65696,0.000913
65697,0.001977
65698,0.002108
65699,0.003553
65700,0.027224
65701,0.13728
65702,0.003104
65703,0.003796
65704,0.06138
65705,0.00158
65706,0.002327
65707,0.002586
65708,0.002469
65710,0.003684
65711,0.005753
65712,0.002215
65713,0.007515
65714,0.310608
65716,0.062998
65718,0.006792
65719,0.00316
65720,0.247724
65721,0.001836
65723,0.000881
65724,0.001657
65726,0.009961
65727,0.33958
65728,0.033416
65730,0.004906
65731,0.135303
65732,0.0012
65733,0.002109
65734,0.007349
65735,0.003356
65736,0.005448
65737,0.000975
65738,0.000442
65739,0.003842
65740,0.004376
65741,0.004638
65742,0.000517
65743,0.098201
65744,0.060827
65745,0.065226
65746,0.015406
65747,0.003198
65748,0.007844
65750,0.002332
65751,0.10952
65752,0.006942
65753,0.004168
65754,0.010152
65755,0.001754
65756,0.005902
65757,0.007346
65759,0.132027
65760,0.001657
65761,0.002657
65763,0.008078
65764,0.001976
65767,0.02214
65769,0.002165
65771,0.00375
65772,0.000674
65773,0.001621
65774,0.006017
65775,0.000654
65776,0.002313
65777,0.003117
65778,0.042262
65779,0.000278
65781,0.011558
65782,0.002729
65783,0.000922
65784,0.006343
65785,0.004733
65786,0.005316
65787,0.000422
65788,0.006578
65791,0.001158
65792,0.003125
65797,0.351166
65798,0.007211
65799,0.016383
65800,0.754791
65801,0.005172
65802,0.003357
65803,0.100669
65804,0.000984
65806,0.002013
65807,0.001222
65808,0.005331
65809,0.001162
65810,0.066065
65811,0.138842
65812,0.002379
65813,0.001212
65814,0.015845
65815,0.030349
65817,0.003124
65818,0.002864
65819,0.00501
65820,0.004807
65821,0.000766
65823,0.011236
65825,0.001868
65826,0.002417
65827,0.039129
65828,0.026552
65829,0.012321
65833,0.004258
65834,0.007356
65836,0.004108
65838,0.003242
65840,0.000346
65841,0.047894
65843,0.01895
65844,0.004583
65848,0.028929
65850,0.010777
65851,0.000792
65853,0.000656
65855,0.779221
65856,0.024899
65859,0.002772
65860,0.00095
65861,0.013963
65863,0.001016
65864,0.00405
65865,0.001531
65866,0.203461
65867,0.018545
65868,0.002183
65869,0.003809
65870,0.002198
65871,0.001203
65872,0.000928
65874,0.011118
65876,0.001295
65879,0.318006
65880,0.001552
65881,0.006185
65883,0.057249
65885,5.3e-05
65886,0.00024
65888,0.10473
65889,0.419617
65890,0.012601
65893,0.006242
65894,0.001615
65895,0.003443
65899,0.004912
65900,0.001888
65901,0.00266
65902,0.002763
65903,0.002568
65904,0.0034
65905,0.001079
65906,0.301079
65907,0.309278
65908,0.004997
65909,0.001279
65910,0.003459
65911,0.060273
65913,0.003824
65915,0.757978
65916,0.20197
65920,0.000203
65922,0.014354
65924,0.033009
65927,0.005835
65928,0.007143
65929,0.048597
65930,0.004494
65932,0.034806
65933,0.044064
65934,0.154492
65937,0.006333
65940,0.001021
65942,0.001495
65946,0.001391
65948,0.010705
65949,0.002681
65952,0.00781
65953,0.02636
65954,0.001486
65955,0.001559
65957,0.001191
65958,0.000924
65959,0.000633
65961,0.000774
65963,0.743494
65964,0.00752
65966,0.005589
65967,0.000909
65968,0.001853
65969,0.006624
65971,0.028165
65972,0.000908
65973,0.009353
65974,0.012071
65975,0.000657
65976,0.004126
65978,0.058198
65979,0.005111
65981,0.045301
65982,0.005983
65983,0.018915
65984,0.002195
65985,0.020471
65986,0.000626
65987,0.000912
65989,0.000514
65991,0.037101
65992,0.000668
65993,0.00227
65994,0.017739
65997,0.010861
65998,7.6e-05
65999,0.001044
66000,0.000224
66002,0.003661
66003,0.00124
66005,0.002703
66006,0.011219
66007,0.410744
66008,0.107528
66011,0.026498
66013,0.004351
66014,0.00236
66015,0.009285
66017,0.003305
66018,0.001824
66019,0.016199
66021,0.002435
66022,0.002306
66023,0.004689
66024,0.005631
66026,0.00597
66027,0.00758
66029,0.014818
66031,0.207395
66032,0.008211
66033,0.0004
66034,0.005103
66035,0.401005
66036,0.000993
66037,0.041342
66038,0.011632
66039,0.003906
66040,0.277964
66041,0.000441
66043,0.000742
66044,0.000447
66046,0.000703
66048,0.004094
66050,0.004456
66051,0.035492
66052,0.000978
66054,0.003063
66055,0.011654
66057,0.051599
66058,0.023809
66059,0.002091
66060,0.011279
66061,0.008699
66062,0.012519
66063,0.002513
66064,0.011133
66065,0.004661
66067,0.001934
66068,0.341081
66069,0.270186
66070,0.087479
66072,0.055773
66074,0.00152
66076,0.001186
66077,0.006437
66079,0.00193
66080,0.005052
66081,0.002011
66082,0.004302
66083,0.00098
66087,0.009116
66088,0.006031
66089,0.001034
66090,0.00293
66091,0.338178
66094,0.008055
66095,0.004408
66096,0.011263
66097,0.310749
66098,0.353383
66099,0.014142
66101,0.001276
66102,0.000672
66103,0.000415
66104,0.001635
66105,0.004846
66106,0.03131
66107,0.044404
66108,0.085515
66109,0.005266
66110,0.773601
66111,0.002698
66112,0.005872
66113,0.715207
66114,0.015894
66115,0.299952
66116,0.00749
66118,0.000235
66119,0.004557
66120,0.001672
66122,0.008109
66123,0.000722
66126,0.002425
66127,0.001067
66130,0.001446
66132,0.00261
66133,0.002281
66134,0.003251
66135,0.001318
66136,0.003413
66137,0.009537
66138,0.006641
66139,0.015828
66140,0.017458
66141,0.001381
66143,0.014149
66144,0.003583
66145,0.014567
66147,0.002405
66149,0.004783
66150,0.003654
66151,0.001955
66152,0.028184
66153,0.00312
66155,0.009891
66156,0.010972
66157,0.007524
66158,0.000166
66159,0.006054
66161,0.004079
66163,0.207382
66164,0.001192
66166,0.003986
66167,0.006854
66168,0.001621
66169,0.006305
66170,0.008688
66171,0.008091
66172,0.414397
66174,0.207975
66177,0.002687
66178,0.000561
66180,0.019428
66182,0.008221
66183,0.010039
66184,0.003337
66186,0.022559
66188,0.015864
66189,0.002266
66191,0.000871
66192,0.002567
66193,0.000902
66194,0.003476
66196,0.005651
66200,0.183094
66201,0.000911
66202,0.015604
66203,0.805783
66204,0.004154
66206,0.009971
66208,0.008963
66210,0.008677
66211,0.009636
66212,0.095775
66213,0.003081
66214,0.138167
66215,0.023487
66217,0.012502
66218,0.013096
66219,0.339298
66221,0.007121
66223,0.000187
66224,0.001187
66225,0.003035
66226,0.056629
66227,0.004092
66228,0.023228
66229,0.066612
66231,0.007448
66232,0.004246
66233,0.005838
66234,0.019218
66237,0.000441
66238,0.011293
66240,0.066117
66241,0.000502
66242,0.044401
66243,0.004732
66244,0.008462
66245,0.019861
66246,0.003749
66247,0.005241
66249,0.003176
66250,0.001821
66253,0.003621
66254,0.009337
66255,0.053151
66259,0.004515
66260,0.002287
66261,0.007898
66262,0.000933
66263,0.0009
66264,0.003386
66265,0.001169
66267,0.001621
66268,0.000476
66272,0.001432
66273,0.019959
66274,0.010966
66276,0.001917
66277,0.015705
66278,0.001233
66279,0.005902
66280,0.001832
66281,0.144694
66282,0.004124
66283,0.025471
66287,0.008191
66288,0.003656
66289,0.038144
66291,0.003607
66292,0.081844
66293,0.01015
66294,0.003481
66295,0.133287
66296,0.00125
66298,0.008983
66299,0.001766
66300,0.001639
66301,0.000518
66303,0.012227
66304,0.03795
66305,0.021876
66309,0.001314
66311,0.017603
66312,0.001031
66313,0.008867
66314,0.00784
66315,0.047563
66316,0.001267
66317,0.007742
66318,0.019993
66319,0.001022
66320,0.007118
66325,0.002711
66326,0.001004
66328,0.002008
66329,0.002296
66331,0.005658
66332,0.00157
66333,0.009661
66334,0.003342
66335,0.006076
66336,0.00213
66338,0.001866
66340,0.016289
66342,0.009164
66343,0.006612
66344,0.004825
66345,0.005126
66346,0.00346
66347,0.009698
66348,0.000763
66349,0.002835
66351,0.064804
66352,0.045505
66353,0.00206
66354,0.000297
66355,0.000535
66356,0.01457
66358,0.005415
66359,0.000419
66360,0.002881
66361,0.002842
66362,0.009028
66363,0.006143
66364,0.018325
66367,0.007822
66370,0.003492
66372,0.0039
66374,0.002684
66375,0.319365
66376,0.00542
66377,0.000375
66378,0.002166
66379,0.000911
66381,0.001684
66383,0.003344
66384,0.002574
66386,0.000649
66387,0.006688
66388,0.013817
66389,0.002661
66390,0.000905
66391,0.003056
66392,0.002076
66393,0.004684
66394,0.009976
66395,0.00556
66396,0.000921
66398,0.019959
66399,0.00112
66402,0.018783
66403,0.002277
66404,0.00096
66405,0.000461
66410,0.157254
66414,0.021867
66417,0.010645
66418,0.004351
66419,0.002407
66420,0.69275
66421,0.001209
66424,0.001531
66425,0.000973
66426,0.00154
66427,0.001556
66429,0.000751
66430,0.001864
66431,0.000874
66432,0.002992
66433,0.000449
66435,0.000249
66436,0.000994
66437,0.001228
66438,0.08978
66440,0.001621
66442,0.012234
66443,0.001757
66444,0.000769
66445,0.004185
66446,0.00112
66447,0.000589
66448,0.003455
66449,0.003028
66450,0.001499
66451,0.017174
66452,0.002931
66453,0.000705
66454,0.015083
66455,0.010153
66456,0.003391
66457,0.002847
66459,0.002865
66460,0.017724
66461,0.00262
66462,0.001998
66466,0.000848
66467,0.000967
66468,0.001091
66470,0.00041
66471,0.0259
66472,0.000112
66473,0.01209
66475,0.001846
66476,0.034172
66477,0.006924
66478,0.014144
66479,0.009885
66480,0.097269
66481,0.044405
66482,0.009124
66483,0.19793
66485,0.027509
66486,0.011651
66488,0.008921
66490,0.003779
66491,0.002819
66492,0.234018
66495,0.000969
66499,0.000626
66500,0.002747
66501,0.339273
66502,0.003157
66504,0.001287
66506,0.001756
66507,0.001635
66508,0.002679
66509,0.003185
66511,0.000327
66512,0.000112
66513,0.007873
66514,0.00333
66515,0.036767
66516,0.002415
66517,0.003758
66518,0.002698
66519,0.004527
66525,0.001061
66527,0.027712
66528,0.042374
66529,0.004114
66530,0.010495
66531,0.001678
66532,0.129102
66533,0.005777
66534,0.000764
66535,0.006407
66537,0.003429
66539,0.001625
66540,0.004699
66541,0.001298
66542,0.371818
66544,0.000491
66545,0.005562
66546,0.000548
66547,0.006916
66549,0.012637
66551,0.005141
66553,0.004444
66555,0.005206
66556,0.069114
66557,0.006263
66558,0.006932
66560,0.000898
66561,0.163958
66562,0.020722
66563,0.195937
66564,0.003308
66565,0.134574
66566,0.00978
66567,0.001125
66568,0.001525
66569,0.008582
66571,0.000411
66572,0.004918
66573,0.002316
66574,0.000959
66575,0.006091
66576,0.000657
66577,0.003483
66578,0.026576
66580,0.03442
66581,0.001582
66582,0.000747
66583,0.015672
66584,0.002273
66587,0.004574
66588,0.002163
66589,0.00484
66590,0.001742
66591,0.002058
66592,0.035062
66593,0.009415
66594,0.139035
66597,0.002795
66599,0.000765
66600,0.001435
66602,0.001721
66603,0.001477
66604,0.000382
66605,0.000133
66606,0.010618
66607,0.040136
66608,0.54967
66609,0.24494
66610,0.012738
66611,0.001791
66612,0.073568
66613,0.015797
66614,0.018013
66615,0.001566
66616,0.001461
66617,0.016155
66618,0.010445
66620,0.006873
66622,0.022646
66624,0.000972
66625,0.002221
66626,0.046338
66627,0.00158
66628,0.000582
66629,0.000491
66630,0.112882
66631,0.002354
66633,0.00236
66635,0.000758
66636,0.006739
66638,0.005488
66639,9.7e-05
66640,0.000555
66641,0.003676
66642,0.013666
66643,0.059159
66645,0.097537
66646,0.000383
66647,0.007544
66648,0.013446
66650,0.011464
66654,0.001792
66655,0.003991
66656,0.016609
66658,0.001382
66659,0.005583
66660,0.000252
66661,0.001139
66662,0.000696
66663,0.007939
66667,0.011072
66668,0.008598
66670,0.001346
66671,0.001484
66672,0.001913
66673,0.002123
66675,0.005082
66676,0.004768
66678,0.003391
66679,0.001513
66680,0.042107
66681,0.015174
66682,0.000462
66683,0.00332
66684,0.0084
66687,0.0
66691,0.000937
66693,0.005739
66694,0.006054
66695,0.361229
66696,0.010124
66698,0.007363
66699,0.000355
66703,0.001176
66707,0.001456
66708,0.142896
66709,0.029974
66711,0.002349
66712,0.00172
66713,0.000478
66715,0.00378
66718,0.003309
67476,0.001781
67477,0.004559
67479,0.003449
67480,0.004138
67483,0.013053
67487,0.001141
67489,0.000797
67490,0.004979
67492,0.001479
67493,0.003345
67494,0.000698
67495,0.0015
67496,0.000421
67497,0.003429
67499,0.003174
67501,0.0021
67503,0.001525
67504,0.001883
67505,0.001774
67506,0.00051
67507,0.001447
67509,0.000261
67510,0.006782
67511,0.00662
67512,0.00314
67513,0.006249
67515,0.00959
67516,0.004685
67520,0.003634
67521,0.007482
67523,0.00256
67524,0.003098
67528,0.009522
67529,0.004027
67530,0.007893
67531,0.001119
67533,0.001276
67534,0.000543
67538,0.0024
67540,0.001889
67542,0.000473
67544,0.00035
67545,0.000613
67546,0.003354
67547,0.000224
67548,0.002961
67549,0.000836
67551,0.013531
67553,0.029566
67554,0.000691
67555,0.006203
67557,0.002475
67560,0.017565
67561,0.001473
67563,0.00737
67564,0.000529
67565,0.009192
67566,0.000558
67567,0.003666
67569,0.001815
67570,0.002971
67573,0.000619
67575,0.006161
67576,0.000953
67578,0.004472
67580,0.000997
67581,0.000331
67582,0.005231
67583,0.000759
67586,0.00042
67588,0.001254
67590,0.000172
67595,0.000491
67597,0.002314
67599,0.000244
67602,0.003873
67603,0.002099
67608,0.000947
67610,0.000501
67613,0.001414
67615,0.003919
67616,0.006498
67618,0.002892
67619,0.059156
67621,0.047734
67622,0.001077
67623,0.00677
67624,0.001997
67626,0.00296
67627,0.000272
67628,0.001789
67629,0.000625
67632,0.000665
67633,0.008923
67634,0.000624
67635,0.007028
67637,0.538546
67638,0.002497
67639,0.000455
67640,0.01208
67641,0.007907
67642,0.002874
67643,0.001108
67645,0.002132
67646,0.006629
67647,0.001634
67651,0.004477
67652,0.002719
67656,0.00037
67657,0.000531
67658,0.011074
67660,0.000596
67661,0.006825
67665,0.000484
67666,0.0003
67668,0.003687
67669,0.026144
67670,0.000481
67674,0.020839
67675,0.002676
67677,0.001609
67678,0.020015
67680,0.014704
67682,0.013862
67684,0.001007
67685,0.005184
67688,0.001397
67692,0.000258
67693,0.000648
67694,0.00302
67695,0.00701
67699,0.014323
67702,0.000569
67704,0.000996
67705,0.000612
67706,0.011031
67707,0.00406
67708,0.002692
67711,0.0025
67713,0.004558
67714,0.00072
67716,0.001516
67717,0.000376
67718,0.007739
67723,0.0003
67724,0.00315
67725,0.001329
67727,0.005654
67728,0.001392
67729,0.011246
67732,0.001282
67734,0.001244
67735,0.001062
67736,0.00052
67737,0.000998
67738,0.007201
67739,0.001206
67740,0.001136
67742,0.000186
67743,0.001013
67744,0.001705
67746,0.001644
67747,0.001927
67748,0.000456
67749,0.000575
67753,0.00089
67754,0.001116
67755,0.000588
67757,0.00111
67759,0.001621
67762,0.003074
67763,0.00528
67764,0.004682
67765,0.001445
67767,0.005498
67768,0.001215
67771,0.000482
67772,0.000276
67773,0.002797
67775,0.00092
67776,0.003553
67778,0.076361
67779,0.001219
67780,0.002753
67782,0.001252
67783,0.001169
67785,0.002814
67786,0.00721
67787,0.007322
67788,0.000503
67789,0.001968
67790,0.011351
67791,0.004242
67794,0.006811
67795,0.000203
67796,0.001546
67798,0.001815
67800,0.00418
67804,0.013184
67805,0.002497
67806,0.001395
67808,0.001375
67809,0.002395
67810,0.001036
67812,0.016299
67814,0.001025
67815,0.001581
67817,0.00162
67818,0.001709
67819,0.001333
67821,6.6e-05
67824,0.000447
67825,0.007496
67826,0.000273
67828,0.00231
67830,0.001344
67831,0.003398
67834,0.001266
67836,0.002814
67837,0.00629
67838,0.102412
67841,0.002185
67845,0.001777
67846,0.000664
67850,0.003355
67852,0.001604
67853,0.000188
67856,0.003985
67857,0.001741
67858,0.004382
67860,0.002029
67861,0.020251
67864,0.00285
67865,0.002569
67867,0.002224
67868,0.003024
67872,0.033889
67873,0.002164
67875,0.017045
67876,0.004374
67881,0.000483
67886,0.014002
67887,0.000145
67888,0.001215
67889,0.000924
67892,0.003848
67893,0.082499
67894,0.00115
67895,0.002827
67898,0.00395
67900,0.00113
67902,0.00194
67904,0.002007
67906,0.000667
67908,0.001305
67909,0.00377
67910,0.000922
67912,0.001869
67915,0.000546
67916,0.001034
67919,0.002515
67921,0.000522
67923,0.002743
67924,0.000789
67925,0.00159
67926,0.005321
67931,0.002017
67934,0.003384
67935,0.000564
67937,0.003416
67938,0.004898
67940,0.0003
67943,0.007652
67945,0.037268
67948,0.011235
67949,0.00209
67950,0.01025
67951,0.010827
67953,0.000562
67955,0.001895
67956,0.003937
67958,0.000589
67960,0.002991
67961,0.019449
67965,0.000349
67968,0.000353
67969,0.003307
67970,0.006807
67971,0.000939
67972,0.00054
67973,0.004106
67974,0.003641
67975,0.001135
67977,0.001531
67978,0.00258
67980,0.001564
67981,0.0008
67984,0.000194
67986,0.004911
67987,0.000357
67988,0.00022
67990,0.002575
67991,0.000347
67994,0.006604
67995,0.003254
67997,0.004822
68000,0.001524
68001,0.002168
68002,0.000256
68003,0.001324
68004,0.016315
68005,0.006783
68006,0.001347
68007,0.002612
68008,0.001871
68010,0.001339
68011,0.000889
68015,0.004386
68016,0.000401
68019,0.002508
68020,0.022555
68021,0.074032
68025,0.002226
68027,0.000996
68029,0.00397
68031,0.006031
68033,0.001007
68034,0.001405
68036,0.000559
68037,0.00307
68038,0.001186
68039,0.00017
68042,0.004287
68043,0.004483
68045,0.022496
68046,0.003885
68047,0.001417
68048,0.000492
68051,0.001364
68052,0.009284
68053,0.002337
68054,0.002409
68055,0.001655
68056,0.004955
68058,0.002456
68062,0.000402
68063,0.004507
68065,0.001871
68066,0.003013
68067,0.000892
68068,0.000144
68069,3.3e-05
68070,0.000579
68071,0.000442
68072,0.000867
68073,0.001216
68075,0.002338
68077,0.006683
68079,0.029268
68080,0.000221
68081,0.002223
68083,0.002711
68084,0.002614
68087,0.000278
68088,0.001435
68090,9.2e-05
68091,0.003238
68092,0.004407
68095,0.009136
68096,0.008825
68099,0.001304
68102,0.000134
68104,0.001544
68105,0.001302
68106,0.005242
68107,0.001531
68108,0.002621
68110,0.000872
68111,0.001714
68112,0.154239
68113,0.000375
68114,0.001954
68115,0.001525
68116,0.008563
68117,0.001079
68122,0.001302
68123,0.004852
68125,0.019854
68126,0.000901
68127,0.001035
68128,0.008535
68129,0.000323
68132,0.002336
68133,0.001367
68136,0.002347
68137,0.001459
68138,8.1e-05
68139,0.000917
68140,0.001042
68141,0.00079
68142,0.000107
68150,0.009729
68152,0.001246
68153,2.9e-05
68154,0.000548
68155,0.001048
68156,0.001186
68157,0.001029
68158,0.000703
68159,0.000575
68160,0.001875
68161,0.000358
68162,0.006021
68164,0.006614
68167,0.00713
68169,0.005165
68170,0.001374
68173,0.000551
68174,0.000797
68175,0.003364
68176,0.000503
68177,0.002525
68178,0.000899
68181,0.000899
68182,0.010187
68185,0.003635
68187,0.000292
68188,0.001615
68189,0.004734
68191,0.00113
68195,0.003518
68196,0.0019
68197,0.003846
68198,0.001693
68199,0.000595
68200,0.015805
68201,0.000124
68202,0.005925
68204,0.003585
68206,0.001916
68208,0.001408
68209,0.000402
68211,0.007422
68212,0.000352
68213,0.00412
68216,0.003398
68217,0.000487
68218,0.000291
68220,0.001494
68221,0.0017
68223,0.001391
68224,0.000644
68229,0.00077
68233,0.001809
68234,0.001278
68238,0.004935
68239,0.003711
68240,0.033155
68241,0.000178
68242,0.008863
68243,0.014696
68248,0.000985
68251,0.000705
68254,0.002634
68255,0.003354
68260,0.001731
68264,0.004554
68266,0.000621
68268,0.002801
68270,0.005013
68276,0.000477
68277,0.006303
68280,0.00316
68281,0.007394
68282,0.000505
68283,0.007788
68285,0.001111
68287,0.000774
68288,0.002157
68289,0.003098
68290,0.00022
68292,0.070263
68293,0.000752
68296,0.005136
68302,0.000483
68303,0.000427
68304,0.001364
68306,0.001834
68307,0.00074
68310,0.00191
68312,0.002845
68313,0.031208
68315,0.000675
68319,0.000246
68322,0.002052
68324,0.000547
68332,0.000261
68338,0.002879
68345,0.001974
68346,0.000333
68348,0.023648
68351,0.1232
68352,0.005645
68353,0.001697
68355,0.023533
68356,0.000523
68357,0.000347
68363,0.001725
68366,0.002505
68369,0.002442
68371,0.002671
68373,0.002099
68375,0.000889
68378,0.001664
68379,0.246551
68381,0.000785
68383,0.003608
68384,0.000832
68387,0.019335
68392,0.000783
68393,0.000717
68396,0.006641
70245,0.00087
70248,0.001338
70250,0.001493
70251,0.014744
70252,0.006513
70253,0.00583
70261,0.008874
70263,0.009871
70264,0.010514
70266,0.002192
70267,0.013366
70268,0.003795
70269,0.378146
70270,0.004115
70271,0.002966
70274,0.009744
70275,0.001621
70276,0.002721
70277,0.000954
70279,0.002573
70280,0.002819
70281,0.002122
70282,0.003327
70288,0.000934
70289,0.096827
70290,0.003187
70291,0.002233
70293,0.00451
70294,0.003774
70295,0.004397
70296,0.005615
70298,0.000528
70299,0.000643
70300,0.001179
70301,0.002069
70302,0.000605
70303,0.019186
70304,0.00192
70305,0.013662
70306,0.00068
70308,0.002477
70311,0.001472
70312,0.00176
70317,0.003821
70318,0.004067
70319,0.382871
70320,0.007933
70321,0.012795
70322,0.001611
70323,0.009029
70324,0.000214
70325,0.001954
70328,0.003725
70330,0.001136
70331,0.003119
70332,0.007115
70333,0.002167
70334,0.001594
70335,0.284829
70338,0.67238
70340,0.002002
70341,0.046515
70344,0.093852
70348,0.008445
70349,0.001225
70351,0.001336
70357,0.003351
70361,0.000359
70362,0.123605
70365,0.001302
70366,0.010171
70367,0.003537
70368,0.000426
70369,0.001915
70370,0.176967
70373,0.002702
70378,0.001069
70381,0.01059
70382,0.003778
70383,0.011242
70384,0.013619
70386,0.006756
70387,0.003929
70389,0.001037
70390,0.005332
70393,0.000513
70394,0.778447
70395,0.002189
70396,0.000669
70400,0.002583
70402,0.002301
70403,0.003823
70404,0.001463
70405,0.013412
70406,0.000864
70407,0.020819
70408,0.001606
70411,0.000998
70412,0.00177
70416,0.000293
70417,0.002014
70418,0.00296
70419,0.252363
70420,0.002301
70422,0.751622
70423,0.009169
70424,0.013419
70428,0.000236
70433,0.069819
70435,0.004429
70436,0.001681
70437,0.002332
70441,0.0039
70442,0.000566
70443,0.002415
70445,0.00469
70447,0.000179
70450,0.01544
70451,0.000317
70452,0.013186
70453,0.001665
70455,0.002722
70456,0.001048
70458,0.013203
70461,0.791849
70462,0.002528
70465,0.000118
70466,0.071523
70468,0.00423
70471,0.000873
70473,0.005173
70474,0.018499
70475,0.005344
70476,0.018439
70477,0.000627
70479,0.007384
70481,0.009005
70482,0.002069
70483,0.002489
70484,0.004774
70485,0.000643
70486,0.024726
70487,0.002624
70488,0.023827
70489,0.003818
70490,0.00335
70491,0.001913
70492,0.00103
70495,0.002499
70496,0.000838
70497,0.001289
70498,0.000904
70499,0.005096
70500,0.003422
70503,0.006105
70504,0.005661
70505,0.002543
70506,0.001213
70507,0.000234
70508,0.000747
70512,0.004306
70513,0.002069
70515,0.001057
70517,0.001372
70518,0.000717
70519,0.000966
70520,0.003972
70521,0.000846
70522,0.000407
70523,0.000395
70525,0.004205
70526,0.005926
70529,0.001775
70530,0.002436
70533,0.01597
70534,0.000585
70535,0.000762
70537,0.016396
70539,0.044918
70541,0.01106
70545,0.010687
70547,0.001784
70554,0.004424
70556,0.002578
70558,0.705262
70559,0.601029
70560,0.00475
70561,0.060732
70562,0.858587
70563,0.013895
70564,0.001838
70565,0.125959
70566,0.000753
70567,0.00992
70568,0.003038
70571,0.615168
70572,0.000869
70576,2.7e-05
70577,0.011772
70578,0.008702
70580,0.001275
70581,0.002546
70582,0.001688
70583,0.006689
70584,0.000779
70585,0.005577
70586,0.000898
70588,0.009741
70589,0.001053
70592,0.003513
70593,0.014968
70596,0.004745
70598,7e-05
70601,0.000404
70603,0.010409
70604,0.002531
70606,0.000288
70607,0.005235
70609,0.00116
70612,0.001608
70613,0.112255
70614,0.001789
70615,0.004323
70616,0.004984
70624,0.001865
70629,0.004287
70631,0.351765
70632,0.001706
70633,0.001571
70634,0.007968
70635,0.013822
70636,0.00291
70637,0.001437
70638,0.000417
70642,0.039665
70645,0.029146
70647,0.397566
70650,0.259891
70652,0.001082
70653,0.139615
70656,0.001938
70657,0.000995
70658,0.004862
70659,0.016315
70662,0.044076
70669,0.002702
70670,0.010597
70671,0.00717
70673,0.000388
70676,0.002954
70677,0.005377
70678,0.000503
70680,0.001977
70684,0.30858
70685,0.004019
70688,0.000465
70691,0.013506
70693,0.000863
70694,0.002131
70695,0.005102
70697,0.013133
70699,0.024751
70702,0.210064
70704,0.001291
70705,0.004306
70706,0.002326
70708,0.001343
70709,0.004807
70716,0.011633
70717,0.346385
70718,0.008695
70719,0.005879
70721,0.002448
70722,0.000433
70724,0.000583
70726,0.002009
70727,0.005483
70728,0.003488
70730,0.001782
70733,0.003619
70735,0.58336
70736,0.026696
70737,0.016232
70738,0.000789
70739,0.001066
70743,0.012539
70745,0.198269
70747,0.003604
70750,0.010054
70751,0.003803
70752,0.000845
70755,0.000383
70756,0.070287
70758,0.004771
70759,0.022581
70760,0.002644
70763,0.001613
70765,0.000492
70766,0.000634
70768,0.001188
70770,0.000569
70771,0.001111
70773,0.00142
70774,0.012169
70775,0.001447
70776,0.000589
70777,0.003148
70778,0.000772
70780,0.011883
70783,0.002799
70784,0.295953
70786,0.01087
70787,0.006882
70788,0.004277
70790,0.001487
70792,0.002162
70793,0.001271
70794,0.001518
70797,0.000116
70798,0.000665
70800,0.00368
70803,0.001181
70804,0.011541
70805,0.000259
70812,0.001746
70813,0.001112
70814,0.009446
70815,8.1e-05
70817,0.01655
70818,0.022896
70820,0.001819
70821,0.005699
70822,0.011079
70823,0.001459
70825,0.081113
70826,0.003549
70828,0.005635
70831,0.002568
70833,0.009849
70834,0.006363
70835,0.002066
70836,0.003985
70840,0.002407
70841,0.008276
70842,0.00144
70844,0.013406
70846,0.029856
70847,0.000965
70848,0.00219
70849,0.004033
70850,0.669615
70851,0.001478
70853,0.064887
70854,0.001025
70855,0.003292
70860,0.000168
70862,0.001158
70864,0.002285
70867,0.001146
70868,0.002129
70869,8.4e-05
70870,0.000676
70871,0.001286
70872,0.003462
70873,0.000926
70874,0.001285
70876,0.002589
70877,0.002051
70878,0.000102
70879,0.000357
70880,0.846176
70881,0.000843
70882,0.001135
70883,0.002026
70884,0.000727
70885,0.00234
70886,5.5e-05
70887,0.001581
70888,0.021059
70889,0.011955
70890,0.0042
70891,0.008369
70892,0.001611
70893,0.000987
70894,0.002414
70898,0.000542
70900,0.001053
70902,0.000486
70903,0.006576
70905,0.009479
70906,0.011613
70907,0.554741
70908,0.002462
70909,0.011352
70910,0.288134
70912,0.001697
70916,0.004545
70917,0.00037
70918,0.002989
70920,0.001877
70921,0.003975
70923,0.002017
70924,0.076471
70925,0.011755
70928,0.150535
70930,0.029923
70934,0.026523
70940,0.000917
70946,0.004054
70947,0.010067
70948,0.006238
70949,0.003414
70950,0.002738
70952,0.003733
70953,0.001775
70954,0.002882
70956,0.002975
70957,0.033092
70958,0.010789
70959,0.004319
70960,0.01572
70963,0.005882
70964,0.001365
70965,0.00139
70967,0.001377
70976,0.00317
70979,0.000206
70981,0.00844
70982,0.004516
70983,0.000225
70985,0.000587
70987,0.002046
70988,0.001305
70989,0.004577
70991,0.001977
70993,0.474377
70994,0.119487
70999,0.000406
71001,0.001479
71002,0.002215
71005,0.003221
71006,0.000958
71008,0.00197
71009,0.004349
71010,0.000355
71012,0.00335
71015,0.001428
71017,0.000784
71019,0.000805
71020,0.002859
71026,0.008354
71027,0.020237
71028,0.001857
71029,0.000832
71030,0.327943
71033,0.000669
71035,0.001498
71036,0.004743
71038,0.465496
71039,0.001241
71040,0.001867
71043,0.001142
71045,0.000986
71047,0.014008
71048,0.04847
71049,0.00364
71052,0.00054
71057,0.00112
71058,0.002642
71059,0.002324
71061,0.01598
71062,0.002179
71063,0.00305
71066,0.001989
71067,0.003304
71068,0.000543
71071,0.000837
71072,0.001998
71074,0.000819
71076,0.526866
71077,0.001109
71078,0.001334
71079,2.9e-05
71081,0.008703
71082,0.000157
71083,0.001005
71084,3e-06
71085,0.00946
71086,0.005836
71087,0.005612
71088,0.002662
71090,0.001291
71091,0.002219
71092,0.007462
71093,0.074937
71095,0.005374
71096,0.01398
71098,0.064405
71099,0.001529
71100,0.023422
71101,0.022689
71102,0.012404
71103,0.001255
71105,0.003191
71106,0.001798
71108,0.001741
71113,0.003309
71114,0.017342
71116,0.00318
71120,0.018189
71122,0.007258
71123,0.012165
71124,0.006331
71126,0.000628
71127,0.022552
71129,0.000627
71134,0.001429
71135,0.020722
71136,0.001635
71137,0.001455
71138,0.008763
71139,0.002828
71141,0.01253
71143,0.005748
71144,0.004852
71145,0.005484
71146,0.363496
71148,0.000336
71149,0.001173
71150,0.01107
71151,0.000665
71152,0.000123
71154,0.000483
71155,0.000547
71156,0.002091
71157,0.000373
71158,0.000407
71159,0.042758
71160,0.021421
71161,0.003619
71162,0.002779
71163,0.001837
71164,0.003847
71165,0.005973
71167,0.001809
71169,0.000745
71170,0.003322
71172,0.001501
71175,0.005261
71176,0.009558
71177,0.001129
71178,0.012135
71181,0.288889
71182,0.036643
71183,0.669127
71186,0.001729
71188,0.001862
71190,0.000221
71193,0.002331
71195,0.001225
71196,0.005533
71197,0.000144
71200,0.001704
71201,0.002779
71202,0.002485
71203,0.003691
71204,0.001194
71209,0.001591
71210,0.001447
71211,0.00092
71214,0.017251
71215,0.001621
71216,0.003453
71219,0.002474
71220,0.000431
71221,0.000954
71222,0.007875
71223,0.017086
71224,0.474817
71225,0.007456
71227,0.00501
71228,0.00087
71229,0.008949
71230,0.002305
71231,0.003524
71232,0.006238
71234,0.338098
71235,0.006149
71236,0.003073
71239,0.001822
71241,0.007016
71242,0.000253
71243,0.011196
71245,0.001631
71246,7.3e-05
71247,0.001106
71249,0.00036
71250,0.005957
71251,0.0055
71252,0.005838
71253,0.002557
71254,0.006998
71256,0.00183
71257,0.013234
71260,0.005026
71262,0.014408
71263,0.000905
71266,0.00385
71268,0.000775
71269,0.921974
71270,0.0007
71271,0.0016
71273,0.003254
71274,0.006063
71275,0.001878
71276,0.000467
71277,0.001972
71278,0.001692
71279,0.027955
71280,0.003736
71283,0.006129
71286,0.012501
71287,0.004582
71291,0.000852
71292,0.001544
71293,0.003211
71295,0.022471
71301,0.000389
71302,0.003076
71303,0.004797
71304,0.006868
71306,0.018893
71307,0.003296
71308,0.004821
71309,0.006261
71312,0.00787
71315,0.001145
71316,0.000643
71319,0.001084
71322,0.001324
71323,0.001725
71325,0.004698
71326,0.003329
71327,0.6922
71329,0.002808
71332,0.000432
71334,0.001663
71335,0.000995
71338,0.002751
71339,0.002403
71341,0.001163
71342,0.051514
71345,0.000922
71346,0.022473
71347,0.000151
71351,0.553659
71355,0.024911
71357,0.006011
71358,0.00523
71361,0.01314
71362,0.009427
71365,0.016862
71366,0.005017
71369,0.001928
71371,0.002857
71373,0.00024
71374,0.002026
71375,0.009
71376,0.001475
71377,0.005003
71379,0.00231
71380,0.005008
71382,0.000759
71383,0.002944
71385,0.00062
71386,0.002514
71387,0.00231
71388,0.002841
71390,0.436151
71391,0.004796
71392,0.005876
71397,0.000343
71398,0.005655
71399,0.001663
71401,0.007073
71402,0.002215
71406,0.005362
71409,0.001892
71412,0.000778
71414,0.000192
71415,0.002174
71416,0.001253
71418,0.00048
71421,0.001101
71425,0.001539
71426,0.004096
71430,0.000255
71432,0.010512
71433,0.782608
71436,0.746501
71440,6.6e-05
71443,0.007477
71449,0.000483
71451,0.006366
71452,0.001362
71456,0.462705
71459,0.009475
71460,0.000887
71462,0.002234
71464,0.006467
71469,0.022504
71472,0.001081
71474,0.001039
71476,0.002533
71477,0.014018
71478,0.002392
71479,0.0156
71480,0.00646
71481,0.012896
71482,0.001356
71487,0.644178
71489,0.014078
71490,0.004264
71491,0.002363
71493,0.001275
71494,0.005976
71495,0.000289
71497,0.002265
71498,0.000768
71499,0.005894
71501,0.004518
71502,0.010291
71505,0.010369
71506,0.00589
71509,0.124606
71510,0.000918
71511,0.005182
71512,0.000915
71513,0.000165
71515,0.004892
71516,0.003677
71518,0.001544
71521,0.004068
71522,0.001939
71523,0.00179
71525,0.008099
71530,0.009147
71531,0.009805
71533,0.036345
71534,0.001382
71535,0.001435
71536,0.002151
71537,0.003618
71538,0.013041
71541,0.003233
71543,0.152821
71544,0.001587
71548,0.002644
71549,0.001651
71551,0.02112
71552,0.001437
71554,0.001182
71556,0.000997
71559,0.000665
71560,0.006029
71561,0.098825
71562,0.000439
71563,0.00664
71570,0.001744
71571,0.001373
71572,0.003112
71578,0.01595
71580,0.000345
71583,0.119753
71584,0.007293
71586,0.002429
71588,0.007917
71590,0.004378
71592,0.010546
71593,0.000787
71596,0.000595
71598,0.005737
71600,0.000841
71601,0.003711
71602,0.00241
71603,0.002911
71604,0.005209
71605,0.000386
71607,0.001401
71609,0.002191
71611,0.000821
71612,0.000684
71614,0.000837
71615,0.003128
71617,0.003321
71618,0.000859
71619,0.004312
71621,0.00345
71622,0.027102
71624,0.002183
71625,0.782886
71628,0.908918
71629,0.000748
71631,0.01521
71632,0.323757
71634,0.003371
71636,0.477075
71641,0.036545
71644,0.010204
71645,0.010527
71646,0.004986
71647,0.000905
71648,0.000479
71649,0.000652
71650,0.001558
71651,0.003263
71653,0.001488
71657,0.000901
71658,0.003766
71659,0.002273
71660,0.001395
71662,0.003809
71664,0.016094
71665,0.002235
71666,6.2e-05
71669,0.00871
71671,0.005268
71674,0.016962
71677,0.007145
71679,0.008409
71681,0.192972
71685,0.015277
71686,0.001786
71687,0.000143
71688,0.001375
71691,0.00145
71693,0.001411
71694,0.002439
71695,0.002126
71696,0.007286
71697,0.000655
71698,0.005334
71701,0.00252
71702,0.000946
71705,0.001004
71708,0.000764
71709,8.6e-05
71710,0.001833
71712,0.003112
71713,0.005553
71714,0.00059
71716,0.000587
71717,0.000166
71719,0.001598
71720,0.005403
71721,0.000932
71722,0.000871
71723,0.002925
71724,0.006604
71725,0.003375
71726,0.001812
71727,0.003759
71728,0.001599
71729,0.008797
71730,0.005244
71738,0.003345
71740,0.001092
71742,0.001106
71743,0.004137
71744,0.027772
71745,0.007738
71746,0.001214
71747,0.007434
71749,0.000244
71750,0.00025
71752,0.001922
71753,0.001652
71754,0.000958
71755,0.00017
71757,0.000845
71759,0.000533
71760,0.002863
71761,0.007371
71762,0.000595
71763,0.003501
71764,0.002655
71765,0.005863
71768,0.054007
71769,0.027917
71770,0.000657
71772,0.000313
71773,0.000351
71774,0.000514
71775,0.004365
71776,0.004363
71780,0.001812
71781,0.000827
71783,0.00053
71784,0.000555
71785,0.00325
71788,0.002106
71792,0.000895
71795,0.0211
71796,0.000624
71797,0.001672
71800,0.072207
71802,0.002813
71804,0.005467
71805,0.00136
71810,0.178058
71811,0.001875
71812,0.002532
71813,0.002896
71814,0.012252
71818,0.000989
71819,0.000491
71822,0.023284
71823,0.051597
71825,0.064085
71826,0.001217
71828,0.005079
71829,0.001318
71832,0.001767
71833,0.004802
71834,0.000311
71835,0.000353
71836,0.00093
71839,0.007631
71841,0.00046
71842,0.004991
71844,0.002288
71845,0.006637
71846,0.014791
71847,0.006163
71848,0.005065
71849,0.003237
71850,0.000695
71851,0.029745
71853,0.002044
71857,0.000691
71858,0.001239
71860,0.003117
71861,0.602163
71862,0.000872
71864,0.003035
71865,0.011195
71866,0.002859
71867,0.013063
71868,0.002006
71871,0.005178
71872,0.002071
71873,0.000445
71875,0.002148
71877,0.798913
71881,0.012078
71888,0.001875
71889,0.346958
71890,0.000569
71894,0.000316
71895,0.001474
71897,0.003191
71898,0.007997
71899,0.067005
71900,0.489318
71901,0.492011
71903,0.002429
71905,0.379009
71907,0.001428
71909,0.017
71910,0.003316
71911,0.000346
71913,0.000293
71915,0.002646
71917,0.002526
71920,0.700755
71921,0.002824
71922,0.008502
71924,0.001063
71925,0.582574
71929,0.002091
71930,0.000345
71931,0.000438
71932,0.002289
71935,0.001265
71938,0.004365
71939,0.004846
71942,0.002572
71943,0.011027
71944,0.000447
71945,0.002815
71946,0.006316
71948,0.001695
71950,0.002679
71951,0.004255
71953,0.007374
71955,0.000481
71957,0.00057
71958,0.004162
71960,0.008812
71961,0.002961
71962,0.005497
71965,0.010667
71966,0.003578
71969,0.005447
71972,0.012062
71976,0.003378
71977,0.001058
71980,0.001726
71981,0.003088
71983,0.00018
71984,0.003957
71985,0.000782
71986,0.001295
71994,0.018714
72000,0.0014
72002,0.006318
72003,0.005934
72005,0.00721
72007,0.000306
72011,0.002582
72012,0.000492
72013,0.000702
72015,0.001952
72016,0.001666
72017,0.001951
72020,0.0003
72022,0.003794
72023,0.002419
72024,0.00368
72025,0.001377
72029,0.004171
72030,0.001369
72031,0.003359
72033,0.000832
72036,0.009837
72037,0.003259
72038,0.001307
72039,0.006467
72042,0.006223
72044,0.000857
72046,0.001378
72048,0.026754
72050,0.023659
72051,0.004916
72053,0.003089
72054,0.003611
72055,0.001493
72056,0.002167
72057,0.006014
72058,0.001118
72059,0.089066
72060,0.000532
72061,0.001367
72064,0.013789
72067,0.008647
72069,0.000716
72071,0.000205
72072,0.001237
72073,0.000714
72074,5e-06
72075,0.03962
72077,0.001961
72079,0.001389
72082,0.433061
72084,0.610157
72086,0.00132
72087,0.000327
72088,0.001268
72089,0.000228
72090,0.002848
72091,0.00029
72093,0.004317
72094,0.000568
72095,0.000946
72096,0.008785
72097,0.000498
72098,0.000738
72099,0.000548
72100,0.00171
72102,0.000341
72104,0.00102
72105,0.003751
72106,0.000415
72107,0.000801
72108,0.029886
72109,0.001024
72110,0.022027
72112,0.01578
72113,0.00138
72114,0.051249
72116,0.001789
72119,3.8e-05
72121,0.001131
72122,0.000168
72125,0.003876
72126,0.051943
72127,0.002525
72128,0.000881
72129,0.000742
72130,0.016087
72135,0.0001
72137,0.001275
72138,0.002612
72139,0.000124
72141,0.001427
72142,0.002955
72143,0.004084
72144,0.000876
72145,0.00109
72146,0.001579
72147,0.001792
72148,0.004493
72149,0.000592
72150,0.003513
72151,0.004983
72152,0.001533
72154,0.002799
72155,0.001588
72156,0.000849
72157,0.003248
72158,0.006493
72159,0.003037
72160,0.00164
72162,0.005996
72163,0.000972
72164,0.000721
72165,0.002503
72167,0.00299
72170,0.012907
72172,0.002576
72173,0.001457
72175,0.004956
72177,0.003397
72180,0.004233
72182,0.000927
72183,0.001056
72194,0.001146
72196,0.013707
72197,0.001908
72200,0.001404
72202,0.00222
72204,0.005289
72206,0.001735
72207,0.002209
72208,0.015299
72209,0.001363
72210,0.005469
72211,0.005106
72212,0.00487
72213,0.002288
72214,0.000825
72215,0.001237
72217,5e-06
72218,0.000563
72219,0.003716
72220,0.005801
72223,0.001212
72229,0.000918
72230,0.00109
72233,0.001836
72236,0.002456
72237,0.022348
72239,0.200546
72242,0.006291
72243,0.029075
72246,0.000702
72247,0.011665
72248,0.012223
72249,0.001461
72252,0.010717
72253,0.006857
72255,0.011911
72256,0.014303
72257,0.002306
72260,0.017149
72261,0.000333
72262,0.025185
72263,0.000484
72265,0.002307
72266,0.007247
72267,0.006689
72270,0.000812
72272,0.011824
72273,0.013419
72274,0.008317
72275,0.003704
72276,0.00328
72280,0.000732
72289,0.000687
72290,0.000371
72293,0.002019
72295,0.002872
72297,0.077445
72298,0.000295
72300,0.000127
72302,0.002436
72307,0.010395
72308,0.004511
72309,0.021815
72310,0.005435
72311,0.005555
72312,0.020161
72313,0.000993
72314,0.00132
72315,0.000675
72321,0.00268
72322,0.009173
72324,0.006372
72325,0.005835
72326,0.004961
72327,0.018949
72328,0.016604
72329,0.003626
72332,0.0013
72336,0.004964
72340,0.000326
72341,0.14155
72342,0.000145
72344,0.004043
72347,0.801094
72349,0.001313
72352,0.004602
72353,0.001227
72354,0.001019
72359,0.061581
72360,0.008613
72365,0.723358
72366,0.003485
72367,0.001632
72368,0.005688
72370,0.007265
72371,0.001053
72372,0.819006
72374,0.003346
72375,0.002357
72376,0.000746
72377,0.000757
72378,0.002234
72379,0.003353
72380,0.011185
72381,0.002559
72384,0.005941
72386,0.002603
72390,0.017493
72392,0.002351
72393,0.001529
72395,0.003143
72396,0.001876
72400,0.003064
72401,0.002842
72403,0.00068
72404,0.011918
72405,0.001467
72406,0.002386
72408,0.006226
72410,0.001427
72411,0.012973
72414,0.001521
72415,0.016326
72418,0.001244
72422,0.004648
72428,0.005318
72429,0.004817
72430,0.001899
72431,0.000937
72432,0.002326
72435,0.04229
72436,0.001812
72439,0.003109
72442,0.001035
72443,0.004918
72447,0.002981
72448,0.006667
72450,0.027718
72456,0.002959
72457,0.079921
72458,0.009035
72461,0.001026
72463,0.000312
72464,0.000686
72465,0.009108
72467,0.032788
72468,0.002922
72471,0.012582
72474,0.002419
72476,0.006295
72477,0.345655
72479,0.002251
72480,7.6e-05
72481,0.004427
72482,0.00092
72483,0.001624
72485,0.058343
72487,0.005294
72490,0.003941
72492,0.578275
72495,0.001087
72498,0.007044
72499,0.705451
72502,0.004445
72507,0.00138
72510,0.001498
72511,0.002342
72512,0.002064
72513,0.000956
72516,0.002903
72517,0.001279
72518,0.010505
72521,0.008144
72523,0.010967
72525,0.000689
72527,0.008209
72528,0.009257
72530,0.004071
72532,0.014585
72535,0.001758
72537,0.000718
72540,0.002086
72543,0.003321
72545,0.01155
72547,0.001148
72550,0.001068
72553,0.000531
72556,0.005621
72557,0.00151
72559,0.002532
72560,0.000373
72562,2.7e-05
72564,0.001316
72565,0.00097
72566,0.009574
72567,0.005617
72569,0.004644
72572,0.00222
72573,0.013365
72574,0.002577
72576,0.006866
72578,0.005079
72579,0.005376
72581,0.000597
72584,0.006431
72587,0.00306
72590,0.663078
72593,0.004084
72594,0.00532
72597,0.00203
72599,0.004327
72603,0.008393
72607,0.012261
72611,0.004033
72613,0.00755
72615,0.002027
72622,0.002794
72623,0.002645
72624,0.001929
72626,0.009278
72627,0.001255
72628,0.215257
72629,0.000874
72630,0.000215
72631,0.000777
72632,0.009436
72633,0.011335
72636,0.000651
72637,0.006197
72641,0.006994
72642,0.627633
72643,0.002912
72646,0.013994
72648,0.000279
72649,0.000937
72654,0.004224
72655,0.002045
72657,0.51699
72658,0.000269
72659,0.000356
72660,0.035906
72661,0.002765
72662,0.001681
72663,0.008499
72664,0.003061
72668,0.004491
72669,0.003468
72670,0.000397
72671,0.000798
72672,0.003201
72674,0.001281
72683,0.00037
72684,0.001431
72687,0.94344
72688,0.003603
72690,0.007653
72691,0.002285
72693,0.002005
72695,0.000141
72696,0.003239
72698,0.035514
72699,0.019836
72707,0.032092
72708,0.000587
72712,0.018443
72715,0.001893
72716,0.284422
72717,0.001911
72719,0.014962
72720,0.127778
72721,0.004538
72722,0.003897
72723,0.387409
72724,0.162695
72729,0.002865
72738,0.002225
72739,0.009925
72741,0.001842
72742,0.006412
72743,0.003969
72744,0.008012
72745,0.001308
72749,0.004226
72750,0.004215
72752,0.002389
72756,0.005476
72758,0.42621
72761,0.013229
72762,0.001427
72764,0.002557
72770,0.015177
72776,0.073173
72777,0.00581
72780,0.001553
72782,0.492457
72784,0.002463
72786,0.011891
72789,0.003227
72791,0.002204
72793,0.000498
72797,0.001127
72800,0.000664
72801,0.002397
72802,0.00442
72806,0.002225
72807,0.003076
72811,0.002135
72812,0.003863
72813,0.000146
72818,0.000218
72820,0.004731
72821,0.141897
72822,0.004587
72825,0.000768
72828,0.00138
72829,0.010923
72831,0.0036
72833,0.003294
72837,0.000397
72839,0.002397
72840,0.008041
72844,0.003999
72846,0.027135
72848,0.007275
72849,0.004854
72850,0.000433
72852,0.003793
72853,0.000321
72854,0.000843
72855,0.002145
72856,0.336083
72857,0.000962
72858,0.033999
72859,0.0935
72861,0.006678
72863,0.731034
72864,0.000559
72865,0.000323
72866,0.000296
72870,0.98063
72871,0.003018
72872,0.001514
72874,0.001314
72876,0.003658
72877,0.001886
72878,0.034403
72880,0.000591
72883,0.001541
72884,0.001958
72887,0.003372
72889,0.006784
72890,0.001116
72893,0.014538
72899,0.035911
72900,0.054425
72902,0.002504
72903,0.006209
72904,0.01498
72905,0.016711
72913,0.016346
72914,0.011
72917,0.014374
72922,0.007174
72925,0.64704
72927,0.010218
72928,0.000167
72929,0.003313
72932,0.003104
72934,0.000676
72935,0.004579
72938,0.006497
72939,0.003572
72942,0.000826
72943,0.016942
72944,0.633181
72947,0.020075
72948,0.013846
72950,0.001571
72951,0.000639
72952,0.00074
72953,0.002789
72954,0.000896
72956,0.001967
72957,0.00171
72958,0.001317
72961,0.00234
72963,0.030948
72964,0.004506
72967,0.004355
72968,0.000803
72972,0.003329
72973,0.001533
72974,0.008979
72976,0.000813
72978,0.000752
72980,0.006729
72981,0.001159
72982,0.013617
72983,0.003454
72984,0.002411
72985,0.007476
72986,0.008052
72988,0.001789
72989,0.007341
72990,0.008241
72994,0.001555
72995,0.001147
72996,0.005598
72997,0.006535
72999,0.001795
73000,0.009614
73007,0.004974
73010,0.000631
73011,0.000337
73013,0.0015
73019,0.001284
73020,0.00594
73021,0.00452
73023,0.000986
73030,0.00142
73031,0.005186
73032,0.002274
73033,0.005206
73035,0.009488
73036,0.012429
73037,0.356114
73038,0.002024
73039,0.001183
73040,0.000523
73043,0.001664
73044,0.014851
73046,0.001366
73047,0.004806
73048,0.001549
73050,0.002553
73053,0.003153
73055,0.00892
73056,0.003872
73058,0.002229
73060,0.001911
73062,0.004192
73063,0.003172
73064,0.001445
73065,0.001015
73067,0.027872
73068,0.003258
73071,0.001198
73072,0.006676
73076,0.003261
73078,0.001155
73079,0.001802
73080,0.001696
73082,0.541268
73084,0.001381
73089,0.002928
73091,0.000876
73092,0.001334
73095,0.031229
73097,0.191076
73098,0.014041
73104,0.004542
73108,0.001422
73109,0.005632
73112,0.00553
73114,0.003649
73115,0.001318
73118,0.002479
73119,0.001944
73120,0.000365
73122,0.051
73125,0.008624
73126,0.001651
73127,0.001194
73129,0.002109
73131,0.000693
73132,0.001949
73136,0.002831
73137,0.056725
73141,0.003483
73142,0.002599
73144,0.002634
73145,0.002501
73146,0.023128
73148,0.002014
73149,0.001308
73151,0.001156
73152,0.002649
73153,0.001381
73154,0.00341
73161,0.001442
73162,0.002377
73164,0.000595
73166,0.006722
73167,0.010229
73168,0.000557
73169,0.002889
73170,0.001085
73171,0.001058
73173,0.001456
73175,0.009727
73176,0.012488
73177,0.001622
73180,0.007328
73184,0.002014
73186,0.001799
73187,0.004099
73189,0.008211
73193,0.010767
73194,0.001204
73195,0.004799
73196,0.000441
73197,0.006842
73199,0.004723
73201,0.00241
73203,3.1e-05
73207,0.000402
73208,0.001451
73211,0.005529
73213,0.438329
73218,0.000535
73220,0.014307
73225,0.000433
73226,0.015842
73228,0.006245
73229,0.00081
73232,0.001247
73235,0.932769
73242,0.002669
73243,0.000332
73246,0.004491
73248,0.007861
73250,0.005474
73252,0.000794
73253,0.000923
73254,0.002957
73255,0.000411
73257,0.003778
73258,0.00089
73265,0.003646
73273,0.00072
73275,0.555
73277,0.002048
73278,0.023526
73280,0.000547
73281,0.003369
73282,0.003933
73283,0.001953
73284,0.000641
73287,0.000933
73289,0.612198
73293,0.001634
73294,0.002557
73296,0.002181
73298,0.001906
73300,0.001539
73304,0.003222
73306,0.002946
73311,0.000588
73312,0.000773
73313,0.002684
73315,0.003586
73318,0.001579
73319,0.000859
73321,0.001407
73322,0.001938
73325,0.00162
73327,0.002834
73328,0.000385
73330,0.000706
73331,0.001001
73332,0.000511
73333,0.000505
73334,0.000497
73336,0.004627
73337,0.00614
73339,0.003352
73341,0.012078
73343,0.002039
73345,0.001266
73346,0.002241
73347,0.012358
73348,0.001764
73353,0.006122
73357,0.00195
73358,0.001162
73359,0.002735
73361,0.000543
73362,0.00044
73363,0.000227
73367,0.006879
73371,0.00147
73372,0.00062
73373,0.002755
73377,0.003589
73380,0.280085
73381,0.001607
73384,0.005075
73387,0.00067
73388,0.001107
73389,0.01458
73390,0.002604
73392,0.000266
73395,0.002132
73396,0.00562
73398,0.040484
73401,0.002149
73403,0.00301
73407,0.001165
73408,0.000626
73409,0.0043
73410,0.001458
73414,0.00327
73415,0.005835
73417,0.00142
73422,0.002581
73423,0.007337
73425,0.000545
73426,0.004966
73427,0.005143
73428,0.003335
73432,0.005339
73433,0.008269
73436,0.00053
73437,0.002159
73441,0.003466
73444,0.000895
73446,0.008738
73447,0.002933
73448,0.002475
73449,0.285625
73451,0.519942
73455,0.003287
73462,0.008043
73464,0.017048
73465,0.88237
73466,0.004237
73467,0.001564
73472,0.001224
73473,0.001203
73476,0.001429
73478,0.002658
73479,0.033597
73481,0.005931
73485,0.005058
73486,0.000704
73488,0.001667
73492,0.001197
73495,0.006909
73496,0.010804
73497,0.000722
73503,0.000391
73510,0.001065
73513,0.044343
73515,0.00779
73517,0.124467
73518,0.365146
73525,0.002076
73526,0.00196
73533,0.004618
73536,0.086652
73538,0.001436
73539,0.000967
73541,0.002276
73542,0.001011
73543,0.000776
73544,0.002231
73546,0.002474
73547,0.006947
73549,0.001042
73552,0.001068
73554,0.00809
73560,0.001121
73561,0.006122
73562,0.293524
73563,0.016424
73565,0.018413
73571,0.275713
73572,0.002204
73575,0.00267
73577,0.024238
73578,0.006811
73579,0.005187
73582,0.006525
73583,0.001472
73584,0.001495
73585,0.000975
73586,0.004069
73587,0.010175
73589,0.05692
73590,0.023695
73593,0.003097
73595,0.126666
73598,0.004424
73601,0.001747
73602,0.001713
73603,0.003244
73608,0.006593
73611,0.007081
73612,0.013138
73613,0.000646
73615,0.006597
73617,0.001235
73618,0.021445
73621,0.004951
73623,0.018305
73628,0.00238
73629,0.000782
73630,0.315676
73631,0.00579
73634,0.005574
73635,0.005253
73636,0.004311
73639,0.019554
73645,0.003082
73647,0.007332
73648,0.005107
73649,0.002499
73650,0.018662
73652,0.009746
73654,0.001401
73655,0.000852
73657,0.003425
73658,0.005857
73660,0.009073
73666,0.000993
73667,0.001722
73669,0.005903
73672,0.004576
73674,0.873691
73676,0.004448
73677,0.000762
73678,0.00101
73681,0.004878
73682,0.000619
73686,0.382926
73687,0.004866
73688,0.003221
73689,0.003121
73693,0.001037
73694,0.002505
73695,0.002428
73702,0.001887
73703,0.005464
73705,0.002984
73707,0.005381
73710,0.005811
73711,0.000499
73712,0.008921
73715,0.002231
73719,0.007623
73721,0.003092
73723,0.252742
73725,0.001171
73728,0.001488
73729,0.002294
73732,0.002986
73733,0.003369
73734,0.000268
73736,0.001025
73737,0.01525
73739,0.001343
73740,0.001219
73742,0.001674
73747,0.003345
73748,0.003269
73751,0.000768
73752,0.004384
73754,0.003137
73755,0.00243
73756,0.003683
73757,0.008832
73759,0.01869
73763,0.770295
73765,0.732047
73769,0.004356
73771,0.002025
73772,0.025178
73773,0.001193
73777,0.007519
73783,0.002713
73785,0.000731
73791,0.000596
73792,0.184078
73793,0.005706
73799,0.003203
73803,0.000832
73807,0.006668
73809,0.005059
73813,0.000804
73814,0.103615
73816,0.000874
73817,0.004502
73819,0.001784
73822,0.004205
73823,0.004178
73824,2.4e-05
73831,0.005815
73834,0.000535
73836,0.001566
73837,0.000655
73840,0.004506
73844,0.004692
73848,0.000759
73853,0.003291
73859,0.000573
73860,0.002236
73862,0.001003
73863,0.001135
73871,0.000521
73874,0.060871
73876,0.014139
73878,0.003342
73882,0.008228
73883,0.004626
73887,0.015722
74060,0.007547
74061,0.007163
74062,0.001584
74063,0.004257
74067,0.001996
74072,0.001504
74073,0.00657
74074,0.011376
74075,0.008418
74076,0.006565
74079,0.017691
74081,0.004391
74082,0.004321
74084,0.004134
74085,1.6e-05
74086,0.000483
74087,0.002358
74088,0.000964
74093,0.04821
74094,0.003551
74095,0.001778
74097,0.001655
74098,0.002934
74102,0.000509
74104,0.006065
74106,0.002335
74107,0.005039
74108,0.005836
74109,0.005246
74110,0.001111
74113,0.424434
74114,0.008972
74116,0.012764
74118,0.002575
74119,0.002285
74123,0.003757
74126,0.006267
74128,0.001384
74129,0.002012
74131,0.00072
74132,0.003553
74133,0.003405
74134,0.003421
74136,0.002044
74137,0.00297
74138,0.002053
74142,0.003177
74143,0.000992
74144,0.00128
74145,0.003813
74146,0.002419
74149,0.002659
74164,0.005411
74168,0.00053
74180,0.006943
74181,0.046973
74182,0.012235
74189,0.009371
74192,0.044458
74194,0.017521
74199,0.00132
74200,0.000669
74201,0.003803
74202,0.00383
74204,0.008581
74213,0.004025
74216,0.000698
74219,0.008907
74220,0.009938
74223,0.000475
74224,0.001036
74227,0.003811
74228,0.001817
74230,0.00246
74231,0.004904
74232,0.006068
74254,0.011587
74255,0.000235
74256,0.005258
74257,0.003306
74259,0.002128
74261,0.006127
74262,0.002083
74263,0.00582
74265,0.012131
74266,0.002432
74269,0.002858
74273,0.000772
74274,0.000327
74275,0.003219
74282,0.005532
74283,0.008535
74284,0.001173
74285,0.003614
74288,0.014458
74290,0.007655
74295,0.132315
74304,0.161389
74305,0.000362
74306,0.024235
74307,0.002801
74312,0.000949
74313,0.001551
74314,0.001295
74317,0.002504
74319,0.001291
74320,0.7695
74322,0.009432
74323,0.055919
74324,0.014214
74326,0.000972
74327,0.003181
74330,0.002156
74332,0.079769
74338,0.001889
74340,0.005083
74345,0.006736
74348,0.000709
74352,0.007056
74358,0.006429
74360,0.003868
74361,0.00415
74368,0.016776
74370,0.002482
74374,0.002708
74376,0.006765
74377,0.003852
74384,0.016806
74388,0.015266
74390,0.002332
74391,0.001254
74392,0.002563
74394,0.55974
74407,0.00041
74408,0.005602
74409,0.002692
74411,0.008367
74417,0.005475
74418,0.002897
74425,0.004287
74431,0.013098
74433,0.001342
74434,0.00049
74438,0.021741
74445,0.006418
74449,0.008327
74455,0.530496
74460,0.002407
74463,0.000259
74466,0.000701
74473,0.001694
74481,0.002975
74488,0.010853
74493,0.018346
74501,0.000874
74502,0.014752
74503,0.000803
74504,0.000299
74505,0.002356
74506,0.00245
74508,0.001343
74525,0.004155
74531,0.002377
74535,0.003844
74536,0.026334
74539,0.001365
74550,0.003134
74555,0.002407
74557,0.002055
74558,0.004933
74560,0.000151
74562,0.002429
74563,0.024814
74574,0.012049
74576,0.001601
74578,0.001915
74579,0.004985
74581,0.00538
74582,0.002755
74588,0.00411
74590,0.000864
74596,0.001242
74597,0.003232
74599,0.0207
74600,0.00353
74601,0.000506
74609,0.010655
74610,0.001686
74613,0.000103
74625,0.00113
74626,0.000804
74628,0.006541
74629,0.002867
74635,0.014437
74636,0.004079
74638,0.005643
74639,0.005326
74641,0.002631
74644,0.153937
74647,0.002611
74657,0.002066
74658,0.001561
74659,0.000961
74660,0.001601
74667,0.002359
74675,0.015997
74676,0.000552
74677,0.005226
74686,0.002044
74687,0.01669
74688,0.001567
74689,0.001835
74693,0.003123
74695,0.002332
74697,0.029365
74706,0.014763
74709,0.014914
74712,0.036532
74721,0.00615
74729,0.002985
74730,0.030236
74738,0.189824
74741,0.037036
74750,0.002778
74755,0.005174
74756,0.004549
74758,0.002518
74761,0.012188
74762,0.010044
74765,0.002597
74766,0.609103
74769,0.005363
74777,0.887277
74778,0.132371
74780,0.032156
74783,0.003272
74785,0.0028
74795,0.007705
74797,0.002445
74799,0.007261
74804,0.003877
74805,0.003063
74808,0.001159
74810,0.266363
74814,0.018813
74824,0.011976
74829,0.00028
74830,0.003145
74831,0.006675
74834,0.007054
74837,0.000445
74838,0.000983
74857,0.002441
74860,0.005702
74862,0.000997
74871,0.017178
74873,0.003827
74878,0.004136
74879,0.001671
74880,0.002128
74882,0.000326
74883,0.003933
74885,0.004971
74892,0.222236
74893,0.003535
74905,0.003539
74912,0.06162
74914,0.002137
74915,0.000909
74917,0.00288
74920,0.006313
74923,0.007564
74924,0.001812
74929,0.005484
74933,0.000363
74934,0.016353
74936,0.002495
74938,0.004245
74939,0.00191
74940,0.013436
74942,0.010448
74943,0.009758
74945,0.001748
74953,0.001843
74954,0.019235
74956,0.011853
74958,0.022238
74959,0.148406
74966,0.000995
74970,0.006282
74971,0.002785
74973,0.000951
74974,0.000817
74975,0.002592
74978,0.003471
74979,0.002595
74981,0.93632
74990,0.129139
74992,0.014264
74998,0.00357
75006,0.003655
75010,0.006894
75012,0.002055
75021,0.009184
75026,0.024756
75027,0.257438
75028,0.00409
75030,0.001694
75036,0.004629
75042,0.00268
75043,0.000372
75044,0.002191
75046,0.000344
75047,0.000136
75049,0.006713
75052,0.002457
75054,0.002619
75057,0.007633
75062,0.016814
75063,0.008239
75066,0.005505
75068,0.018486
75069,0.000679
75077,0.00339
75080,0.00377
75081,0.001806
75089,0.002166
75092,0.001248
75096,0.000375
75098,0.00371
75101,0.003788
75102,0.002608
75103,0.002032
75104,0.00796
75109,0.002402
75110,0.001067
75112,0.003606
75121,0.018252
75125,8.9e-05
75127,0.005658
75128,0.018323
75130,0.026936
75131,0.000917
75132,0.005369
75133,0.009928
75135,0.511814
75136,0.000647
75137,0.003439
75138,0.00083
75139,0.023023
75140,0.003535
75148,0.005416
75150,0.009364
75155,0.001735
75160,0.011221
75161,0.002501
75163,0.003901
75164,0.002789
75166,0.014029
75172,0.00107
75175,0.00258
75176,0.001017
75179,0.022777
75183,0.014318
75185,0.006394
75187,0.007147
75188,0.006048
75190,0.014111
75191,0.000293
75192,0.012858
75194,0.024978
75206,0.002983
75208,0.002782
75209,0.001374
75210,0.000666
75212,0.006044
75213,0.002666
75215,0.005855
75217,0.002652
75220,0.004901
75221,0.029204
75222,0.001525
75225,0.000223
75229,0.003464
75230,0.000855
75233,0.003341
75240,0.000685
75246,0.027813
75248,0.001214
75249,0.00811
75252,0.00075
75255,0.003404
75258,0.004205
75259,0.003651
75262,0.276293
75263,0.010341
75264,0.002114
75266,0.414852
75268,0.964174
75269,0.72086
75271,0.013048
75272,0.003834
75273,0.651623
75275,0.001375
75288,0.000683
75291,0.004465
75292,0.003351
75293,0.004834
75294,0.005974
75296,0.020176
75305,0.002052
75306,0.011666
75307,0.006717
75312,0.008246
75314,0.000931
75318,0.000297
75319,0.001615
75320,0.000831
75321,0.001578
75324,0.010259
75325,0.017602
75326,0.012341
75333,0.003304
75335,0.097178
75338,0.001119
75341,0.002309
75342,0.006224
75344,0.00057
75345,0.005142
75346,0.020459
75348,0.000711
75349,0.002402
75353,0.005452
75357,0.004423
75362,0.00932
75363,0.004245
75365,0.015737
75366,0.005208
75370,0.000886
75382,0.002399
75387,0.000665
75388,0.6114
75389,0.000506
75400,0.00109
75402,0.018509
75407,0.007156
75408,0.004553
75414,0.005301
75416,0.002448
75422,0.002806
75425,0.023294
75430,0.001203
75440,0.059563
75442,0.002417
75443,0.001466
75447,0.013613
75449,0.004894
75452,0.125656
75460,0.001106
75462,0.032832
75463,0.011275
75465,0.008324
75469,0.055371
75485,0.003868
75489,0.001586
75491,0.002247
75493,0.002257
75495,0.00154
75496,0.000838
75498,0.01293
75502,0.008326
75503,0.00328
75508,0.002964
75514,0.003041
75516,0.007516
75518,0.010281
75520,0.006129
75526,0.001757
75529,0.009564
75532,0.003484
75535,0.000779
75538,0.010053
75544,0.002852
75548,0.005783
75556,0.007483
75560,0.008229
75563,0.003196
75566,0.007257
75567,0.041666
75568,0.524514
75570,0.016567
75574,0.002721
75579,0.026603
75599,0.011164
75603,0.006196
75607,0.519813
75608,0.011291
75609,0.727374
75610,0.723466
75611,0.010475
75613,0.003096
75615,0.021832
75624,0.009117
75625,0.00794
75626,0.002392
75627,0.000512
75629,0.016553
75630,0.00129
75632,0.001038
75633,0.000592
75635,0.003147
75636,0.001505
75637,0.004887
75638,0.687723
75645,0.002542
75647,0.007538
75650,0.004409
75651,0.009148
75653,0.006585
75657,0.000695
75664,0.005539
75669,0.007057
75671,0.001418
75672,0.001059
75677,0.001011
75682,0.001444
75686,0.182888
75692,0.004006
75698,0.012441
75708,0.000745
75718,0.005443
75727,0.007598
75729,0.009883
75731,0.00561
75732,0.045393
75736,0.001398
75738,0.002608
75741,0.004432
75747,0.019686
75750,0.975649
75763,0.001893
75764,0.00215
75765,0.004472
75766,0.001817
75767,0.003781
75769,0.009533
75775,0.006337
75777,0.005564
75778,0.009335
75783,0.003782
75786,0.00048
75789,0.002903
75790,0.001838
75791,0.001327
75795,0.008046
75799,0.001343
75802,0.003841
75803,0.017572
75814,0.014826
75816,0.035148
75819,0.002107
75823,0.02804
75825,0.000533
75826,0.001307
75827,0.000893
75830,0.009355
75831,0.006043
75832,0.004259
75833,2.7e-05
75835,0.000228
75836,0.004644
75837,0.058976
75841,0.008547
75843,0.021574
75844,0.001607
75847,0.000555
75848,0.017979
75850,0.006669
75851,0.005924
75853,0.004186
75855,0.004557
75856,0.001459
75857,0.020516
75859,0.000143
75860,0.000888
75861,0.002169
75866,0.008318
75895,0.030586
75902,0.002529
75905,0.001007
75906,0.001755
75919,0.003008
75928,0.020365
75931,0.021349
75934,0.004288
75942,0.001956
75945,0.000886
75946,0.003431
75948,0.007271
75966,0.006483
75967,0.002117
75971,0.000781
75978,0.009192
75988,0.003797
75993,0.000442
76004,0.028742
76008,0.003626
76017,0.000884
76019,0.00201
76038,0.006297
76044,0.000545
76047,0.008208
76054,0.003119
76056,0.003485
76057,0.01396
76062,0.003162
76065,0.004856
76079,0.002356
76087,0.001543
76089,0.115372
76093,0.012303
76099,0.866681
76103,0.012716
76112,0.002912
76116,0.000143
76120,0.015868
76123,0.000453
76131,0.011624
76138,0.00047
76143,0.003141
76146,0.002553
76147,0.005426
76164,0.003816
76167,0.002015
76173,0.003311
76177,0.006193
76180,0.00143
76186,0.034768
76206,0.004709
76216,0.327804
76221,0.901334
76222,0.773068
76227,0.026223
76234,0.020547
76240,0.001603
76253,0.008376
76265,0.00098
76266,0.003149
76278,0.000577
76280,0.002477
76285,0.00044
76290,0.001781
76294,0.002986
76295,0.001639
76296,0.004177
76307,0.012116
76318,0.000538
76323,0.031078
76324,0.004685
76325,0.003198
76327,0.002524
76329,0.001513
76330,0.003995
76331,0.001731
76333,0.00365
76335,0.010819
76342,0.034307
76345,0.012612
76347,0.074856
76357,0.000599
76358,0.000563
76359,0.002255
76362,0.003938
76364,0.011049
76377,0.003585
76381,0.011762
76383,0.002779
76387,0.006385
76388,0.001572
76391,0.797654
76395,0.00902
76398,0.46098
76413,0.003245
76416,0.002954
76418,0.002608
76419,0.005123
76424,0.000966
76427,0.001329
76440,0.021529
76442,0.002493
76443,0.011795
76456,0.01122
76458,0.035798
76459,0.002192
76469,0.021571
76472,0.003462
76476,0.001022
76477,0.676734
76486,0.298364
76487,0.638857
76490,0.010308
76492,0.029268
76512,0.117012
76515,0.001201
76516,0.003038
76524,0.014347
76526,0.000648
76527,0.006828
76529,0.036002
76533,0.002629
76541,0.003588
76544,0.001686
76547,0.002476
76557,0.006993
76568,0.001017
76578,0.011237
76582,0.040359
76585,0.000976
76587,0.003191
76590,0.004765
76591,0.002408
76592,0.009131
76594,0.001471
76608,0.005496
76610,0.003887
76618,0.003456
76638,0.086701
76646,0.011791
76660,0.00547
76663,0.005273
76672,0.003573
76682,0.002633
76690,0.043957
76696,0.038586
76700,0.008634
76707,0.003261
76710,0.003089
76711,0.001428
76712,0.007453
76716,0.003478
76718,0.009646
76725,0.034202
76728,0.017851
76734,0.003025
76742,0.003168
76744,0.008952
76748,0.003655
76751,0.008666
76762,0.004341
76765,0.003142
76767,0.0038
76768,0.007211
76769,0.000685
76771,0.003031
76786,0.829109
76787,0.382896
76798,0.000456
76799,0.027999
76800,0.015913
76801,0.000787
76808,0.00738
76816,0.001031
76817,0.002134
76827,0.001628
76829,0.011078
76830,0.00281
76831,0.0147
76841,0.008175
76843,0.001519
76851,0.004114
76852,0.001823
76854,0.002438
76861,0.003754
76862,0.008664
76869,0.000927
76871,0.000463
76881,0.004943
76882,0.028834
76884,0.002287
76900,0.001181
76902,0.009029
76906,0.002782
76913,0.018433
76916,0.006833
76917,0.003694
76918,0.013939
76930,0.001382
76936,0.001786
76938,0.000885
76948,0.006941
76957,0.003062
76958,0.003267
76959,0.00123
76966,0.013406
76972,0.560003
76975,0.323673
76979,0.015472
76987,0.001953
76989,0.002715
76994,0.004246
76996,0.006746
76999,0.001642
77007,0.010333
77010,0.004533
77013,0.032408
77022,0.001781
77024,0.008704
77027,0.003534
77030,0.003405
77039,0.000682
77049,0.00199
77058,0.022424
77061,0.002279
77069,0.00265
77072,0.005376
77076,0.001887
77077,0.011452
77080,0.002117
77081,0.280505
77084,0.73526
77109,0.032639
77124,0.001442
77136,0.018214
77137,0.011269
77138,0.004343
77139,0.00575
77148,0.005214
77154,0.014356
77155,0.733314
77168,0.000481
77178,0.004408
77183,0.100417
77185,0.001639
77189,0.002122
77190,0.005374
77207,0.002552
77208,0.001544
77222,0.001614
77223,0.030735
77246,0.005388
77247,0.007041
77250,0.015209
77265,0.00052
77266,0.00103
77268,0.004532
77274,0.004212
77275,0.001906
77282,0.597543
77294,0.022482
77304,0.041691
77308,0.001969
77309,0.009927
77311,0.000398
77312,0.00876
77330,0.001543
77333,0.007554
77351,0.011624
77352,0.000967
77364,0.000466
77366,0.003507
77368,0.005223
77374,0.000686
77377,0.007289
77383,0.003643
77387,0.003788
77390,0.007135
77395,0.163284
77400,0.002739
77407,0.0026
77417,0.011833
77419,0.00193
77450,0.410064
77452,0.000276
77456,0.002873
77464,0.007614
77473,0.007301
77477,0.007296
77480,0.679982
77488,0.004882
77490,0.003551
77491,0.049575
77496,0.004895
77498,0.000275
77505,0.0174
77508,0.019022
77513,0.002283
77526,0.000382
77528,0.000956
77546,0.00711
77550,0.000594
77551,0.022414
77552,0.000915
77554,0.006055
77556,0.001278
77563,0.001859
77568,0.00226
77569,0.003468
77572,0.02244
77579,0.003058
77583,0.001768
77585,0.003049
77591,0.002435
77593,0.005228
77595,0.003039
77597,0.012506
77601,0.012762
77608,0.005985
77612,0.002899
77620,0.004457
77621,0.003789
77628,0.0007
77630,0.007715
77631,0.011451
77635,0.003669
77637,0.003133
77638,0.008493
77641,0.000561
77642,0.002548
77643,0.017213
77646,0.005204
77651,0.001463
77653,0.000629
77655,0.001209
77661,0.001235
77662,0.013897
77663,0.003713
77666,0.00803
77668,0.007425
77670,2.2e-05
77673,0.001146
77674,0.000103
77675,0.001145
